bill,prop_id,sections,note,identity_basis,bill_url
H1049,P-223,c.183 s.70 (SECTION 1),,sole-carrier,https://malegislature.gov/Bills/193/H1049
H1062,P-365,SECTION 1 (c.60 amendment),sole section,sole-carrier,https://malegislature.gov/Bills/193/H1062
H1099,P-303,c.159A1/2 s.12(a)-(c) (within the bill's TNC/TND provisions),filed carrier of the regime enacted at 2024 c.206 s.15,verified-text-identical,https://malegislature.gov/Bills/193/H1099
H1099,P-304,c.159A1/2 s.12(d)-(e),filed carrier of the regime enacted at 2024 c.206 s.15,verified-text-identical,https://malegislature.gov/Bills/193/H1099
H1158,P-303,c.159A1/2 s.12(a)-(c) (within the bill's TNC/TND provisions),filed carrier of the regime enacted at 2024 c.206 s.15,verified-text-identical,https://malegislature.gov/Bills/193/H1158
H1158,P-304,c.159A1/2 s.12(d)-(e),filed carrier of the regime enacted at 2024 c.206 s.15,verified-text-identical,https://malegislature.gov/Bills/193/H1158
H1283,P-153,new c.66 s.22,broadest: no carve-out,verified-official-lineage,https://malegislature.gov/Bills/193/H1283
H1428,P-067,c.41 s.98H (SECTION 1),,sole-carrier,https://malegislature.gov/Bills/193/H1428
H1438,P-336,SECTION 1 (c.6 s.167A(j)),companions; AG quash authority attaches,verified-text-identical,https://malegislature.gov/Bills/193/H1438
H1438,P-337,SECTIONS 2-3 (c.6 s.172),companions,verified-text-identical,https://malegislature.gov/Bills/193/H1438
H1438,P-338,SECTIONS 5-6 (c.147 s.63; c.258B s.3(x)),companions; interview-subject PII carve-out attaches,verified-text-identical,https://malegislature.gov/Bills/193/H1438
H1442,P-251,c.6A s.18M,"identical to S1022; private-data framing, consent-or-court-order rule",verified-text-identical,https://malegislature.gov/Bills/193/H1442
H1442,P-252,c.6A s.18M para.1,identical to S1022,verified-text-identical,https://malegislature.gov/Bills/193/H1442
H1455,P-205,c.6C s.13(d),identical to S209,verified-text-identical,https://malegislature.gov/Bills/193/H1455
H1455,P-206,"c.6C s.13(e),(j)",identical to S209; any-crime warrant; emergency statement to court,verified-text-identical,https://malegislature.gov/Bills/193/H1455
H1455,P-207,c.6C s.13(f),identical to S209,verified-text-identical,https://malegislature.gov/Bills/193/H1455
H1455,P-208,c.6C s.13(h),identical to S209; exemplary damages only,verified-text-identical,https://malegislature.gov/Bills/193/H1455
H1455,P-209,c.6C s.13(i),identical to S209,verified-text-identical,https://malegislature.gov/Bills/193/H1455
H1519,P-139,c.6A s.18M(b)-(e),single-proposition bill,sole-carrier,https://malegislature.gov/Bills/193/H1519
H1525,P-291,new c.222 s.29 (within the notary-modernization act),identical companion,verified-text-identical,https://malegislature.gov/Bills/193/H1525
H1555,P-031,c.93M s.3,stricter: no size thresholds,inferred-analytic,https://malegislature.gov/Bills/193/H1555
H1555,P-032,c.93M s.4,variant: adds public-task basis,inferred-analytic,https://malegislature.gov/Bills/193/H1555
H1555,P-033,c.93M ss.7-9,variant: 1-month deadline,inferred-analytic,https://malegislature.gov/Bills/193/H1555
H1555,P-035,c.93M s.6,stricter: prohibition-with-exceptions for special categories,inferred-analytic,https://malegislature.gov/Bills/193/H1555
H1555,P-037,"c.93M ss.12,14",stricter: right to be forgotten with downstream notification,inferred-analytic,https://malegislature.gov/Bills/193/H1555
H1555,P-038,c.93M s.11,,inferred-analytic,https://malegislature.gov/Bills/193/H1555
H1555,P-041,"c.93M ss.20,22",,inferred-analytic,https://malegislature.gov/Bills/193/H1555
H1555,P-043,c.93M ss.29-30,stricter: adds mandatory AG prior consultation,inferred-analytic,https://malegislature.gov/Bills/193/H1555
H1555,P-051,c.93M s.5,,sole-carrier,https://malegislature.gov/Bills/193/H1555
H1555,P-052,c.93M s.13,,sole-carrier,https://malegislature.gov/Bills/193/H1555
H1555,P-053,c.93M s.16,,sole-carrier,https://malegislature.gov/Bills/193/H1555
H1555,P-054,c.93M s.17,,sole-carrier,https://malegislature.gov/Bills/193/H1555
H1555,P-055,"c.93M ss.18-19,23-24",,sole-carrier,https://malegislature.gov/Bills/193/H1555
H1555,P-056,c.93M s.21,,sole-carrier,https://malegislature.gov/Bills/193/H1555
H1555,P-057,c.93M s.26,,sole-carrier,https://malegislature.gov/Bills/193/H1555
H1555,P-058,c.93M ss.27-28,,sole-carrier,https://malegislature.gov/Bills/193/H1555
H1555,P-059,c.93M ss.31-33,,sole-carrier,https://malegislature.gov/Bills/193/H1555
H1555,P-060,c.93M ss.34-37,,sole-carrier,https://malegislature.gov/Bills/193/H1555
H1555,P-061,c.93M ss.38-44,,sole-carrier,https://malegislature.gov/Bills/193/H1555
H1555,P-062,"c.93M ss.45-52,56-57",,sole-carrier,https://malegislature.gov/Bills/193/H1555
H1555,P-063,c.93M ss.53-55,,sole-carrier,https://malegislature.gov/Bills/193/H1555
H1555,P-275,c.93M s.10,separate GDPR access article,inferred-analytic,https://malegislature.gov/Bills/193/H1555
H1555,P-276,c.93M s.15,separate GDPR portability article,inferred-analytic,https://malegislature.gov/Bills/193/H1555
H1566,P-305,new c.221D s.2,companion of S1133,verified-text-identical,https://malegislature.gov/Bills/193/H1566
H1566,P-306,new c.221D s.3(a),companion of S1133,verified-text-identical,https://malegislature.gov/Bills/193/H1566
H1566,P-307,new c.221D s.3(b)-(f),companion of S1133; private action attaches,verified-text-identical,https://malegislature.gov/Bills/193/H1566
H1572,P-215,c.265 s.43B,criminal-harassment penalties by reference; child-as-operator parent exception,inferred-analytic,https://malegislature.gov/Bills/193/H1572
H1653,P-131,"c.276 s.1B(a)-(e),(g),(k),(m); s.2A1/2(a); SECTION 3",identical companion,verified-text-identical,https://malegislature.gov/Bills/193/H1653
H1653,P-132,c.276 s.1B(h)-(j),identical companion,verified-text-identical,https://malegislature.gov/Bills/193/H1653
H1653,P-133,c.276 s.1B(f),identical companion,verified-text-identical,https://malegislature.gov/Bills/193/H1653
H1653,P-134,c.276 s.1B(l),identical companion,verified-text-identical,https://malegislature.gov/Bills/193/H1653
H1653,P-135,c.276 s.1C,identical companion,verified-text-identical,https://malegislature.gov/Bills/193/H1653
H1653,P-136,c.276 s.1D; s.2A1/2(b),identical companion,verified-text-identical,https://malegislature.gov/Bills/193/H1653
H1653,P-137,c.276 s.1E,identical companion,verified-text-identical,https://malegislature.gov/Bills/193/H1653
H1653,P-138,"SECTIONS 4-5 (c.78 s.7, s.7A)",identical companion,verified-text-identical,https://malegislature.gov/Bills/193/H1653
H1690,P-295,"new c.239 s.16(a)-(h),(j)-(k)",identical companion,verified-text-identical,https://malegislature.gov/Bills/193/H1690
H1690,P-296,new c.239 s.16(i); c.93 s.52 amendment,identical companion,verified-text-identical,https://malegislature.gov/Bills/193/H1690
H1707,P-226,SECTIONS 1-2 (c.214 s.3C),identical companion,verified-text-identical,https://malegislature.gov/Bills/193/H1707
H1728,P-171,"c.6 s.220(b),(l)",identical companion,verified-text-identical,https://malegislature.gov/Bills/193/H1728
H1728,P-172,c.6 s.220(c),identical companion,verified-text-identical,https://malegislature.gov/Bills/193/H1728
H1728,P-173,c.6 s.220(d),identical companion,verified-text-identical,https://malegislature.gov/Bills/193/H1728
H1728,P-174,c.6 s.220(e),identical companion,verified-text-identical,https://malegislature.gov/Bills/193/H1728
H1728,P-175,c.6 s.220(f),identical companion,verified-text-identical,https://malegislature.gov/Bills/193/H1728
H1728,P-176,"c.6 s.220(g),(h)",identical companion,verified-text-identical,https://malegislature.gov/Bills/193/H1728
H1728,P-177,"c.6 s.220(i),(j)",identical companion,verified-text-identical,https://malegislature.gov/Bills/193/H1728
H1728,P-178,c.6 s.220(k),identical companion,verified-text-identical,https://malegislature.gov/Bills/193/H1728
H1745,P-266,SECTION 5 (c.265 s.43A(b) rewrite),as-filed version; no digitization (deepfake) coverage,verified-official-lineage,https://malegislature.gov/Bills/193/H1745
H1745,P-280,SECTION 5 (c.265 s.43A(b)(5)),,verified-official-lineage,https://malegislature.gov/Bills/193/H1745
H1791,P-255,c.258C s.15 (sole section),companion-grade match to S938 (Jaccard 0.827),verified-text-near-identical,https://malegislature.gov/Bills/193/H1791
H1809,P-215,c.272 s.108,variant: standalone penalty; child-as-occupant exception with restraining-order disqualifier; dealer and fleet carve-outs,inferred-analytic,https://malegislature.gov/Bills/193/H1809
H1873,P-310,c.149B s.2,,sole-carrier,https://malegislature.gov/Bills/193/H1873
H1873,P-311,c.149B s.2A,,sole-carrier,https://malegislature.gov/Bills/193/H1873
H1873,P-312,c.149B s.2B,,sole-carrier,https://malegislature.gov/Bills/193/H1873
H1873,P-313,c.149B s.2C(a)-(d),,sole-carrier,https://malegislature.gov/Bills/193/H1873
H1873,P-314,c.149B s.2C(e),includes de-identified worker data,sole-carrier,https://malegislature.gov/Bills/193/H1873
H1873,P-315,c.149B s.2C(f)-(h),,sole-carrier,https://malegislature.gov/Bills/193/H1873
H1873,P-316,c.149B s.2C(i),,sole-carrier,https://malegislature.gov/Bills/193/H1873
H1873,P-317,c.149B s.2C(j)-(k),,sole-carrier,https://malegislature.gov/Bills/193/H1873
H1873,P-320,c.149B ss.3-3B,,inferred-analytic,https://malegislature.gov/Bills/193/H1873
H1873,P-321,c.149B s.3C,,inferred-analytic,https://malegislature.gov/Bills/193/H1873
H1873,P-322,c.149B s.3D,,inferred-analytic,https://malegislature.gov/Bills/193/H1873
H1873,P-324,c.149B ss.4-4B,,sole-carrier,https://malegislature.gov/Bills/193/H1873
H1873,P-325,c.149B ss.4C-4D,,sole-carrier,https://malegislature.gov/Bills/193/H1873
H1873,P-326,"c.149B s.5, s.5C",,sole-carrier,https://malegislature.gov/Bills/193/H1873
H1873,P-350,c.149B s.2D(a),,sole-carrier,https://malegislature.gov/Bills/193/H1873
H1873,P-351,c.149B s.2D(b),,sole-carrier,https://malegislature.gov/Bills/193/H1873
H1873,P-352,"c.149B ss.2E(a),4E(a)",,sole-carrier,https://malegislature.gov/Bills/193/H1873
H1873,P-353,"c.149B ss.2E(c),4E(c)",,sole-carrier,https://malegislature.gov/Bills/193/H1873
H1873,P-361,"c.149B ss.2E(b),4E(b)",,sole-carrier,https://malegislature.gov/Bills/193/H1873
H1893,P-159,"SECTIONS 1,3 (c.15A s.45; c.75 s.48)",,sole-carrier,https://malegislature.gov/Bills/193/H1893
H1893,P-160,SECTION 2 (c.71 s.97),,sole-carrier,https://malegislature.gov/Bills/193/H1893
H1893,P-161,"SECTIONS 4-5 (c.149 ss.150,192)",,sole-carrier,https://malegislature.gov/Bills/193/H1893
H1939,P-367,new section (b)-(d),privilege with subsection (c)-(d) exceptions attaching,sole-carrier,https://malegislature.gov/Bills/193/H1939
H1986,P-165,sole resolve,study commission; data-practice charges in clauses (ii)-(iii),sole-carrier,https://malegislature.gov/Bills/193/H1986
H219,P-358,new c.6A s.16DD(e),,sole-carrier,https://malegislature.gov/Bills/193/H219
H219,P-359,new c.6A s.16DD(a),,sole-carrier,https://malegislature.gov/Bills/193/H219
H219,P-372,new c.6A s.16DD(d) (first sentence),,sole-carrier,https://malegislature.gov/Bills/193/H219
H219,P-373,new c.6A s.16DD(d) (standardized-application and provider-preference sentences),,sole-carrier,https://malegislature.gov/Bills/193/H219
H219,P-374,new c.6A s.16DD(d) (30-day card issuance sentence),,sole-carrier,https://malegislature.gov/Bills/193/H219
H219,P-375,new c.6A s.16DD(d) (final sentence),"presupposes the card P-374 issues, but binds a different party and is separately enforceable",sole-carrier,https://malegislature.gov/Bills/193/H219
H219,P-376,new c.6A s.16DD(b); SECTION 2 (new c.29 s.2RRRRR),the trust fund attaches to the fee it receives,sole-carrier,https://malegislature.gov/Bills/193/H219
H219,P-377,new c.6A s.16DD(c),,sole-carrier,https://malegislature.gov/Bills/193/H219
H281,P-091,SECTION 1 cl.(d),weakest variant: financial-account-access biometrics only,inferred-analytic,https://malegislature.gov/Bills/193/H281
H281,P-096,SECTION 1 (breach definition),"weaker: identity-theft/fraud risk only, embedded in definition",inferred-analytic,https://malegislature.gov/Bills/193/H281
H281,P-097,SECTION 3,weak/legacy variant; permits security-freeze fees,inferred-analytic,https://malegislature.gov/Bills/193/H281
H281,P-099,SECTION 2,H281 only,sole-carrier,https://malegislature.gov/Bills/193/H281
H281,P-100,SECTION 1,H281 only,sole-carrier,https://malegislature.gov/Bills/193/H281
H2991,P-294,sole section (SFI home-address restriction),"weaker than enacted 2024 c.248 s.27, which adds email/phone/family",inferred-analytic,https://malegislature.gov/Bills/193/H2991
H3003,P-297,sole section (demographic collection categories),enacted as 2023 c.28 s.7,inferred-analytic,https://malegislature.gov/Bills/193/H3003
H3003,P-298,"sole section (PII confidentiality, aggregate publication)",enacted as 2023 c.28 s.7,inferred-analytic,https://malegislature.gov/Bills/193/H3003
H3179,P-068,c.93 s.115 para.1,identical first paragraph to S218,verified-text-near-identical,https://malegislature.gov/Bills/193/H3179
H3179,P-069,c.93 s.115 para.2,H3179-only addition,sole-carrier,https://malegislature.gov/Bills/193/H3179
H326,P-224,c.93 s.116(f),,sole-carrier,https://malegislature.gov/Bills/193/H326
H326,P-225,c.93 s.117,,sole-carrier,https://malegislature.gov/Bills/193/H326
H3289,P-342,SECTIONS 1-2 (c.90 s.30A; c.147 s.30 para 12),companions,inferred-analytic,https://malegislature.gov/Bills/193/H3289
H3289,P-343,c.147 s.30 para 13,companions; license revocation attaches,inferred-analytic,https://malegislature.gov/Bills/193/H3289
H3306,P-302,new c.90 s.14C(e)(2),variant: images are municipal property; vendor may not use them for any other purpose,verified-text-identical,https://malegislature.gov/Bills/193/H3306
H3306,P-333,new c.90 s.14C(c)(1),"weaker: vendor RMV access limited to building the evidence file and delivering the citation, without H3336's security-protocol, background-check, encryption and annual-audit regime",verified-text-near-identical,https://malegislature.gov/Bills/193/H3306
H3306,P-371,new c.90 s.14C(e)(1),images obtainable only by court order outside enforcement or defense,verified-text-identical,https://malegislature.gov/Bills/193/H3306
H3306,P-379,new c.90 s.14C(e)(2),variant: 30-day non-violation / 1-year post-disposition destruction with annual attestation to the state secretary,verified-text-identical,https://malegislature.gov/Bills/193/H3306
H3306,P-380,new c.90 s.14C(b)(4),variant: best-efforts ('to the extent practicable'); no redaction duty,verified-text-identical,https://malegislature.gov/Bills/193/H3306
H331,P-340,c.93B s.4(c)(14),companions,verified-text-identical,https://malegislature.gov/Bills/193/H331
H331,P-341,c.93B s.4(c)(14) indemnification clause,companions,verified-text-identical,https://malegislature.gov/Bills/193/H331
H3336,P-302,new c.90 s.14C(e)(2),variant: recordings municipal property; vendor use ban,verified-text-identical,https://malegislature.gov/Bills/193/H3336
H3336,P-333,new c.90 s.14C(c)(1),,verified-text-near-identical,https://malegislature.gov/Bills/193/H3336
H3336,P-371,new c.90 s.14C(e)(1),images obtainable only by court order outside enforcement or defense,verified-text-identical,https://malegislature.gov/Bills/193/H3336
H3336,P-379,new c.90 s.14C(e)(2),variant: 30-day non-violation/1-year violation destruction with attestation,verified-text-identical,https://malegislature.gov/Bills/193/H3336
H3375,P-299,c.4 s.7 cl.26(w); c.90J s.8(c),"school-bus camera authorization, same regime",verified-text-identical,https://malegislature.gov/Bills/193/H3375
H3375,P-300,c.90J s.8(b),"school-bus camera authorization, same regime",verified-text-identical,https://malegislature.gov/Bills/193/H3375
H3375,P-302,c.90J s.8(e),"school-bus camera authorization, same regime",verified-text-identical,https://malegislature.gov/Bills/193/H3375
H3375,P-378,c.90J s.8(a),"school-bus camera authorization, same regime",verified-text-identical,https://malegislature.gov/Bills/193/H3375
H3375,P-379,c.90J s.8(a),"school-bus camera authorization, same regime; variant: destruction not more than 48 hours after final disposition",verified-text-identical,https://malegislature.gov/Bills/193/H3375
H3375,P-380,c.90J s.8(d),"school-bus camera authorization, same regime; variant: best-efforts ('to the extent practicable, additional efforts shall be made'), against the c.363 line's flat prohibition",verified-text-identical,https://malegislature.gov/Bills/193/H3375
H3393,P-299,c.4 s.7 cl.26(w); c.90J s.8(c),road-safety/bus-camera c.90J regime,verified-text-identical,https://malegislature.gov/Bills/193/H3393
H3393,P-300,c.90J s.8(b),road-safety/bus-camera c.90J regime,verified-text-identical,https://malegislature.gov/Bills/193/H3393
H3393,P-302,c.90J s.8(e),road-safety/bus-camera c.90J regime,verified-text-identical,https://malegislature.gov/Bills/193/H3393
H3393,P-378,c.90J s.8(a),road-safety/bus-camera c.90J regime,verified-text-identical,https://malegislature.gov/Bills/193/H3393
H3393,P-379,c.90J s.8(a),road-safety/bus-camera c.90J regime; variant: destruction not more than 48 hours after final disposition,verified-text-identical,https://malegislature.gov/Bills/193/H3393
H3393,P-380,c.90J s.8(d),"road-safety/bus-camera c.90J regime; variant: best-efforts ('to the extent practicable, additional efforts shall be made'), against the c.363 line's flat prohibition",verified-text-identical,https://malegislature.gov/Bills/193/H3393
H3404,P-196,c.90K Sec.2(c),variant: single exception (as required in a judicial proceeding) where H3431 enumerates several,inferred-analytic,https://malegislature.gov/Bills/193/H3404
H3404,P-205,c.90K Sec.3(a),,inferred-analytic,https://malegislature.gov/Bills/193/H3404
H3404,P-206,c.90K Sec.4,variant: warrant or production order; extends to vehicle data,inferred-analytic,https://malegislature.gov/Bills/193/H3404
H3404,P-207,c.90K Sec.5,variant: broader (ALPR/tolling/vehicle data; administrative proceedings),inferred-analytic,https://malegislature.gov/Bills/193/H3404
H3404,P-208,c.90K Sec.6(a)-(b),variant: treble or exemplary,inferred-analytic,https://malegislature.gov/Bills/193/H3404
H3404,P-210,c.90K Sec.3(b),,inferred-analytic,https://malegislature.gov/Bills/193/H3404
H3404,P-211,c.90K Sec.3(c),,inferred-analytic,https://malegislature.gov/Bills/193/H3404
H3404,P-212,c.90K Sec.6(c),,sole-carrier,https://malegislature.gov/Bills/193/H3404
H3404,P-214,"c.90K Secs.1,4",,sole-carrier,https://malegislature.gov/Bills/193/H3404
H3404,P-382,c.90K Sec.2(a),,sole-carrier,https://malegislature.gov/Bills/193/H3404
H3404,P-383,c.90K Sec.2(b),,sole-carrier,https://malegislature.gov/Bills/193/H3404
H3404,P-384,c.90K Sec.2(d),,sole-carrier,https://malegislature.gov/Bills/193/H3404
H3431,P-191,c.90J s.2,,sole-carrier,https://malegislature.gov/Bills/193/H3431
H3431,P-192,c.90J s.3,,sole-carrier,https://malegislature.gov/Bills/193/H3431
H3431,P-193,c.90J s.4,,sole-carrier,https://malegislature.gov/Bills/193/H3431
H3431,P-194,c.90J s.5,,sole-carrier,https://malegislature.gov/Bills/193/H3431
H3431,P-195,c.90J s.6,,sole-carrier,https://malegislature.gov/Bills/193/H3431
H3431,P-196,c.90J s.7,,inferred-analytic,https://malegislature.gov/Bills/193/H3431
H3431,P-197,"c.90J ss.8,10(b)",,sole-carrier,https://malegislature.gov/Bills/193/H3431
H3431,P-198,c.90J s.9,,sole-carrier,https://malegislature.gov/Bills/193/H3431
H3431,P-199,c.90J s.10(a),,sole-carrier,https://malegislature.gov/Bills/193/H3431
H3431,P-200,c.90J s.14,,sole-carrier,https://malegislature.gov/Bills/193/H3431
H3431,P-201,c.90J s.12,,sole-carrier,https://malegislature.gov/Bills/193/H3431
H3434,P-206,Sec.2(c)-(d),variant: felony-only; production order/preservation request; emergency notice to AG,inferred-analytic,https://malegislature.gov/Bills/193/H3434
H3434,P-208,Sec.4,variant: treble or exemplary,inferred-analytic,https://malegislature.gov/Bills/193/H3434
H3434,P-210,Sec.2,,inferred-analytic,https://malegislature.gov/Bills/193/H3434
H3434,P-211,Sec.3,,inferred-analytic,https://malegislature.gov/Bills/193/H3434
H3440,P-302,new c.90 s.14C(e)(2),variant: images are municipal property; vendor may not use them for any other purpose,verified-text-identical,https://malegislature.gov/Bills/193/H3440
H3440,P-371,new c.90 s.14C(e)(1),images obtainable only by court order outside enforcement or defense,verified-text-identical,https://malegislature.gov/Bills/193/H3440
H3440,P-379,new c.90 s.14C(e)(2),variant: 30-day non-violation / 1-year post-disposition destruction with annual attestation to the state secretary,verified-text-identical,https://malegislature.gov/Bills/193/H3440
H3440,P-380,new c.90 s.14C(b)(4),variant: best-efforts ('to the extent practicable'); no redaction duty,verified-text-identical,https://malegislature.gov/Bills/193/H3440
H3508,P-385,SECTION xx (new c.60 s.35A(a)),"omnibus carrier; s.35A(b) names the veteran service officer where H3524 names the veterans' agent, which is the notice channel and not the nondisclosure rule",inferred-analytic,https://malegislature.gov/Bills/193/H3508
H3524,P-385,SECTION 1 (new c.60 s.35A(a)),,inferred-analytic,https://malegislature.gov/Bills/193/H3524
H3524,P-386,SECTION 2 (c.62C s.21),,sole-carrier,https://malegislature.gov/Bills/193/H3524
H3548,P-291,inserted c.222 s.29 (amendment lines 740-744),House further-amendment stage of the FY23 supplemental,verified-official-lineage,https://malegislature.gov/Bills/193/H3548
H357,P-121,"c.93L ss.1,2(a),(b),(d),6; SECTIONS 2-3",identical companion,verified-text-identical,https://malegislature.gov/Bills/193/H357
H357,P-122,c.93L s.2(c),identical companion,verified-text-identical,https://malegislature.gov/Bills/193/H357
H357,P-125,c.93L s.2(f),identical companion,verified-text-identical,https://malegislature.gov/Bills/193/H357
H357,P-126,c.93L s.2(i),identical companion,verified-text-identical,https://malegislature.gov/Bills/193/H357
H357,P-127,"c.93L s.2(g),(h)",identical companion,verified-text-identical,https://malegislature.gov/Bills/193/H357
H357,P-128,c.93L s.3(a)-(c),identical companion,verified-text-identical,https://malegislature.gov/Bills/193/H357
H357,P-129,c.93L s.4,identical companion,verified-text-identical,https://malegislature.gov/Bills/193/H357
H357,P-130,"c.93L ss.5,7",identical companion,verified-text-identical,https://malegislature.gov/Bills/193/H357
H357,P-281,c.93L s.2(e)(1),identical companion,verified-text-identical,https://malegislature.gov/Bills/193/H357
H357,P-282,c.93L s.2(e)(2),identical companion,verified-text-identical,https://malegislature.gov/Bills/193/H357
H357,P-283,c.93L s.2(e)(4),identical companion,verified-text-identical,https://malegislature.gov/Bills/193/H357
H357,P-284,c.93L s.2(e)(3),identical companion,verified-text-identical,https://malegislature.gov/Bills/193/H357
H357,P-285,c.93L s.2(e)(5),identical companion,verified-text-identical,https://malegislature.gov/Bills/193/H357
H3597,P-320,c.149 s.105E(i) notice provisions,,inferred-analytic,https://malegislature.gov/Bills/193/H3597
H3597,P-322,new c.149 s.105E(i),practical-necessity and least-invasive test within just-cause bill,inferred-analytic,https://malegislature.gov/Bills/193/H3597
H3597,P-323,c.149 s.105E(j),work-speed data copy every 7 days; correction rights,inferred-analytic,https://malegislature.gov/Bills/193/H3597
H3637,P-344,new c.66A s.2C,private right of action (s.2C(b)(6)) attaches,sole-carrier,https://malegislature.gov/Bills/193/H3637
H3637,P-346,new c.66A s.2F,,sole-carrier,https://malegislature.gov/Bills/193/H3637
H3637,P-354,new c.66A s.2A,,sole-carrier,https://malegislature.gov/Bills/193/H3637
H3637,P-355,new c.66A s.2B,s.2E transparency attaches,sole-carrier,https://malegislature.gov/Bills/193/H3637
H3637,P-356,new c.66A s.2D,,sole-carrier,https://malegislature.gov/Bills/193/H3637
H377,P-247,c.93A1/2 ss.3-4,notice-only for incompatible-purpose processing,verified-text-identical,https://malegislature.gov/Bills/193/H377
H3831,P-070,c.7D s.14(1)(a)-(b),,sole-carrier,https://malegislature.gov/Bills/193/H3831
H3831,P-071,c.7D s.14(1)(c),,sole-carrier,https://malegislature.gov/Bills/193/H3831
H3831,P-072,c.7D s.14(1)(d),,sole-carrier,https://malegislature.gov/Bills/193/H3831
H3831,P-073,c.7D s.14(1)(e),,sole-carrier,https://malegislature.gov/Bills/193/H3831
H3831,P-074,c.7D s.13(e),,sole-carrier,https://malegislature.gov/Bills/193/H3831
H3831,P-075,c.7D s.14(1)(f)-(h),,sole-carrier,https://malegislature.gov/Bills/193/H3831
H3831,P-076,c.7D s.14(3),,sole-carrier,https://malegislature.gov/Bills/193/H3831
H386,P-241,c.93M s.2,identical companion,verified-text-identical,https://malegislature.gov/Bills/193/H386
H386,P-242,c.93M s.3(1)-(3),identical companion; consent withdrawal right (s.4) attaches to this consent mechanism,verified-text-identical,https://malegislature.gov/Bills/193/H386
H386,P-243,c.93M s.3(4),identical companion,verified-text-identical,https://malegislature.gov/Bills/193/H386
H386,P-245,c.93M s.5,identical companion,verified-text-identical,https://malegislature.gov/Bills/193/H386
H386,P-246,c.93M s.6,identical companion,verified-text-identical,https://malegislature.gov/Bills/193/H386
H386,P-277,c.93M s.4,identical companion,verified-text-identical,https://malegislature.gov/Bills/193/H386
H386,P-278,c.93M s.4,identical companion,verified-text-identical,https://malegislature.gov/Bills/193/H386
H3863,P-256,SECTION 1 para.1,,sole-carrier,https://malegislature.gov/Bills/193/H3863
H3863,P-257,SECTION 1 para.1,,sole-carrier,https://malegislature.gov/Bills/193/H3863
H3863,P-258,SECTION 1 para.2,,sole-carrier,https://malegislature.gov/Bills/193/H3863
H3863,P-259,SECTION 1 para.3,,sole-carrier,https://malegislature.gov/Bills/193/H3863
H395,P-231,Sec.3(A),,sole-carrier,https://malegislature.gov/Bills/193/H395
H395,P-232,Sec.3(B),,sole-carrier,https://malegislature.gov/Bills/193/H395
H395,P-233,Sec.4(A),,sole-carrier,https://malegislature.gov/Bills/193/H395
H395,P-234,Sec.4(B),,sole-carrier,https://malegislature.gov/Bills/193/H395
H395,P-235,"Secs.4(C),5(B)",,sole-carrier,https://malegislature.gov/Bills/193/H395
H395,P-236,Sec.5(A),,sole-carrier,https://malegislature.gov/Bills/193/H395
H395,P-237,Sec.6,,sole-carrier,https://malegislature.gov/Bills/193/H395
H395,P-238,Sec.7,,sole-carrier,https://malegislature.gov/Bills/193/H395
H395,P-239,Sec.8,,sole-carrier,https://malegislature.gov/Bills/193/H395
H4040,P-297,2023 c.28 s.7 (new c.6A s.109),enacted vehicle (FY24 GAA),inferred-analytic,https://malegislature.gov/Bills/193/H4040
H4040,P-298,2023 c.28 s.7 (new c.6A s.109),enacted vehicle (FY24 GAA),inferred-analytic,https://malegislature.gov/Bills/193/H4040
H4115,P-266,SECTION 6 (c.265 s.43A(b) rewrite),Judiciary redraft; no digitization coverage,verified-official-lineage,https://malegislature.gov/Bills/193/H4115
H4115,P-280,SECTION 6 (c.265 s.43A(b)(5)),,verified-official-lineage,https://malegislature.gov/Bills/193/H4115
H4138,P-295,SECTION 47 (new c.239 s.15(a)-(d)),Affordable Homes filing stage; sealing regime variant,inferred-analytic,https://malegislature.gov/Bills/193/H4138
H4138,P-296,SECTION 47 (c.239 s.15 consumer-report provisions),Affordable Homes filing stage,inferred-analytic,https://malegislature.gov/Bills/193/H4138
H4166,P-299,s.8(c),"Cambridge home-rule petition, same regime",inferred-analytic,https://malegislature.gov/Bills/193/H4166
H4166,P-300,s.8(b),"Cambridge home-rule petition, same regime",inferred-analytic,https://malegislature.gov/Bills/193/H4166
H4166,P-302,s.8(e),"Cambridge home-rule petition, same regime",inferred-analytic,https://malegislature.gov/Bills/193/H4166
H4166,P-378,s.8(a),"Cambridge home-rule petition, same regime",inferred-analytic,https://malegislature.gov/Bills/193/H4166
H4166,P-379,s.8(a),Cambridge home-rule petition; variant: 48 hours after final disposition,inferred-analytic,https://malegislature.gov/Bills/193/H4166
H4166,P-380,s.8(d),Cambridge home-rule petition; variant: best-efforts,inferred-analytic,https://malegislature.gov/Bills/193/H4166
H4241,P-266,engrossed text of H4115 SECTION 6 lineage (API text empty; see c.118 s.6),House-engrossed vehicle,verified-official-lineage,https://malegislature.gov/Bills/193/H4241
H4241,P-280,"engrossed text (see c.118 s.6, s.43A(b)(5))",,verified-official-lineage,https://malegislature.gov/Bills/193/H4241
H4266,P-153,new c.66 s.22,redraft: H1283 text plus agency carve-out only,verified-official-lineage,https://malegislature.gov/Bills/193/H4266
H4287,P-299,s.8(c),Salem home-rule petition; variant: 'are not public record' rather than the clause 26 cross-reference,inferred-analytic,https://malegislature.gov/Bills/193/H4287
H4287,P-300,s.8(b),"Salem home-rule petition, same regime",inferred-analytic,https://malegislature.gov/Bills/193/H4287
H4287,P-378,s.8(a),"Salem home-rule petition, same regime",inferred-analytic,https://malegislature.gov/Bills/193/H4287
H4287,P-379,s.8(a),Salem home-rule petition; variant: 48 hours after final disposition,inferred-analytic,https://malegislature.gov/Bills/193/H4287
H4323,P-251,c.6A s.18G(b),"redraft: public-records-exemption mechanism, broader access list, $1,000 fine",verified-official-lineage,https://malegislature.gov/Bills/193/H4323
H4323,P-252,c.6A s.18G(c),weaker public access: PII redactable,verified-official-lineage,https://malegislature.gov/Bills/193/H4323
H4323,P-253,c.6A s.18G(a),H4323 only,sole-carrier,https://malegislature.gov/Bills/193/H4323
H4356,P-295,"new c.239 s.16(a)-(h),(j)-(k)",Judiciary redraft of H1690/S956,verified-official-lineage,https://malegislature.gov/Bills/193/H4356
H4356,P-296,new c.239 s.16(i); c.93 s.52 amendment,Judiciary redraft of H1690/S956,verified-official-lineage,https://malegislature.gov/Bills/193/H4356
H4359,P-171,"c.6 s.220(b),(l)",redraft; unchanged,verified-official-lineage,https://malegislature.gov/Bills/193/H4359
H4359,P-172,c.6 s.220(c),"redraft; broader: investigate and verify, state police may assist",verified-official-lineage,https://malegislature.gov/Bills/193/H4359
H4359,P-173,c.6 s.220(d),redraft; adds RMV-assist purpose; documentation duty narrowed to FBI requests,verified-official-lineage,https://malegislature.gov/Bills/193/H4359
H4359,P-174,c.6 s.220(e),redraft; unchanged,verified-official-lineage,https://malegislature.gov/Bills/193/H4359
H4359,P-175,c.6 s.220(f),redraft; unchanged,verified-official-lineage,https://malegislature.gov/Bills/193/H4359
H4359,P-176,"c.6 s.220(g),(h)",redraft; FBI searches counted by requesting agency,verified-official-lineage,https://malegislature.gov/Bills/193/H4359
H4359,P-177,"c.6 s.220(i),(j)",redraft; unchanged,verified-official-lineage,https://malegislature.gov/Bills/193/H4359
H4359,P-178,c.6 s.220(k),redraft; unchanged,verified-official-lineage,https://malegislature.gov/Bills/193/H4359
H4421,P-154,"c.7E ss.1,2(a)-(d),3(a)-(b),(f),4",redraft of H530/S343; identical,verified-text-identical,https://malegislature.gov/Bills/193/H4421
H4421,P-155,c.7E s.3(c)-(e),redraft of H530/S343; identical,verified-text-identical,https://malegislature.gov/Bills/193/H4421
H4421,P-156,c.7E s.2(e),redraft; stricter: adds 20 C.F.R. Part 603 UI-confidentiality condition,verified-text-identical,https://malegislature.gov/Bills/193/H4421
H4421,P-157,c.7E s.5,redraft of H530/S343; identical,verified-text-identical,https://malegislature.gov/Bills/193/H4421
H4421,P-158,c.7E s.6,redraft of H530/S343; identical,verified-text-identical,https://malegislature.gov/Bills/193/H4421
H4450,P-302,new c.90 s.14C(e)(2),Transportation redraft of S2275/H3306/H3336/H3375/H3440; variant: images are municipal property; vendor may not use them for any other purpose,verified-text-identical,https://malegislature.gov/Bills/193/H4450
H4450,P-371,new c.90 s.14C(e)(1),Transportation redraft of S2275/H3306/H3336/H3375/H3440; images obtainable only by court order outside enforcement or defense,verified-text-identical,https://malegislature.gov/Bills/193/H4450
H4450,P-379,new c.90 s.14C(e)(2),Transportation redraft of S2275/H3306/H3336/H3375/H3440; variant: 30-day non-violation / 1-year post-disposition destruction with annual attestation to the state secretary,verified-text-identical,https://malegislature.gov/Bills/193/H4450
H4450,P-380,new c.90 s.14C(b)(4),Transportation redraft of S2275/H3306/H3336/H3375/H3440; variant: best-efforts ('to the extent practicable'); no redaction duty,verified-text-identical,https://malegislature.gov/Bills/193/H4450
H4632,P-001,c.93M s.2,variant: drops civic-engagement purpose and explicit targeted-ads secondary purpose,verified-text-identical,https://malegislature.gov/Bills/193/H4632
H4632,P-002,"c.93M ss.1(a)(10),2(c),4(b),5(c),10(f)",variant: codifies dark-pattern definition incl. FTC reference,verified-text-identical,https://malegislature.gov/Bills/193/H4632
H4632,P-003,c.93M s.3(a)(1),,verified-text-identical,https://malegislature.gov/Bills/193/H4632
H4632,P-004,"c.93M ss.1(a)(29),3(a)(2)","stricter: sensitive-data definition broadened (reproductive health, pregnancy, victim status)",verified-text-identical,https://malegislature.gov/Bills/193/H4632
H4632,P-005,c.93M s.3(a)(3),variant: defined consent replaces affirmative express consent,verified-text-identical,https://malegislature.gov/Bills/193/H4632
H4632,P-006,c.93M s.3(a)(4),,verified-text-identical,https://malegislature.gov/Bills/193/H4632
H4632,P-007,c.93M s.5,"stricter: point-of-collection display, no account conditioning",verified-text-identical,https://malegislature.gov/Bills/193/H4632
H4632,P-008,c.93M s.6(a)(4),variant: adds retention-evaluation duty,verified-text-identical,https://malegislature.gov/Bills/193/H4632
H4632,P-009,c.93M s.7,,verified-text-identical,https://malegislature.gov/Bills/193/H4632
H4632,P-010,c.93M s.9(i)-(j),stricter: homepage placement plus separate biometric and geolocation policies,verified-text-identical,https://malegislature.gov/Bills/193/H4632
H4632,P-012,"c.93M s.10(a)-(c),(e)-(j)","variant: forwarding liability shield, loyalty conflict procedure",verified-text-identical,https://malegislature.gov/Bills/193/H4632
H4632,P-013,"c.93M ss.1(a)(26),10(d)",added by redraft,verified-text-identical,https://malegislature.gov/Bills/193/H4632
H4632,P-014,c.93M s.15,added by redraft,verified-text-identical,https://malegislature.gov/Bills/193/H4632
H4632,P-015,"c.93M ss.1(a)(18),16",,verified-text-identical,https://malegislature.gov/Bills/193/H4632
H4632,P-016,"c.93M ss.17,14(a)(4)",variant: dedicated penalties replaced by general enforcement; AG broker rulemaking,verified-text-identical,https://malegislature.gov/Bills/193/H4632
H4632,P-017,c.93M s.8,stricter: protected classes expanded to c.151B universe,verified-text-identical,https://malegislature.gov/Bills/193/H4632
H4632,P-022,c.93M s.11,,verified-text-identical,https://malegislature.gov/Bills/193/H4632
H4632,P-023,"c.93M s.12(a)-(f),(j)","weaker: defendant class narrowed to large data holders; adds 93A $5,000 floor",verified-text-identical,https://malegislature.gov/Bills/193/H4632
H4632,P-024,"c.93M ss.12(g)-(h),14",variant: adds operating-suspension remedy; drops earmarking,verified-text-identical,https://malegislature.gov/Bills/193/H4632
H4632,P-025,c.93M s.12(i),,verified-text-identical,https://malegislature.gov/Bills/193/H4632
H4632,P-121,"c.93N ss.1,2(a)-(b),(d)","variant of H357/S148 chapter: softened AG regs, altered retroactivity",verified-text-identical,https://malegislature.gov/Bills/193/H4632
H4632,P-122,c.93N s.2(c),,verified-text-identical,https://malegislature.gov/Bills/193/H4632
H4632,P-125,c.93N s.2(f),weaker: legal-mandate exception broadened to court orders/subpoenas/CIDs,verified-text-identical,https://malegislature.gov/Bills/193/H4632
H4632,P-126,c.93N s.2(i),,verified-text-identical,https://malegislature.gov/Bills/193/H4632
H4632,P-127,c.93N s.2(g)-(h),,verified-text-identical,https://malegislature.gov/Bills/193/H4632
H4632,P-129,c.93N s.3,,verified-text-identical,https://malegislature.gov/Bills/193/H4632
H4632,P-130,c.93N s.4,"variant: $5,000/actual damages, 93A UDAP deeming",verified-text-identical,https://malegislature.gov/Bills/193/H4632
H4632,P-271,c.93M s.4,"weaker: 12-month lookback, 45-day response",verified-text-identical,https://malegislature.gov/Bills/193/H4632
H4632,P-272,c.93M s.4,,verified-text-identical,https://malegislature.gov/Bills/193/H4632
H4632,P-273,c.93M s.4,FCRA exception replaces school exception,verified-text-identical,https://malegislature.gov/Bills/193/H4632
H4632,P-274,c.93M s.4,,verified-text-identical,https://malegislature.gov/Bills/193/H4632
H4632,P-281,c.93N s.2(e)(1),,verified-text-identical,https://malegislature.gov/Bills/193/H4632
H4632,P-282,c.93N s.2(e)(2),,verified-text-identical,https://malegislature.gov/Bills/193/H4632
H4632,P-283,c.93N s.2(e)(4),,verified-text-identical,https://malegislature.gov/Bills/193/H4632
H4632,P-284,c.93N s.2(e)(3),retroactive application,verified-text-identical,https://malegislature.gov/Bills/193/H4632
H4632,P-285,c.93N s.2(e)(5),retroactive application,verified-text-identical,https://malegislature.gov/Bills/193/H4632
H4731,P-366,new c.160 s.253,identical companion,verified-text-identical,https://malegislature.gov/Bills/193/H4731
H4744,P-266,2024 c.118 s.6 (c.265 s.43A(b)),ENACTED; conference text adds 'digitization'; (c) repeat-offender penalty attaches,verified-official-lineage,https://malegislature.gov/Bills/193/H4744
H4744,P-280,2024 c.118 s.6 (c.265 s.43A(b)(5)),ENACTED,verified-official-lineage,https://malegislature.gov/Bills/193/H4744
H4799,P-303,2024 c.206 s.15 (c.159A1/2 s.12(a)-(c)),"enacted vehicle (FY24 closeout supplemental); outside section, no filed antecedent",verified-official-lineage,https://malegislature.gov/Bills/193/H4799
H4799,P-304,2024 c.206 s.15 (c.159A1/2 s.12(d)-(e)),"enacted vehicle (FY24 closeout supplemental); outside section, no filed antecedent",verified-official-lineage,https://malegislature.gov/Bills/193/H4799
H4844,P-121,"c.93M ss.1,2(a); s.4(iii) consent rulemaking; bill SECTIONS 2-3",narrowed to reproductive/gender-affirming-care location information; enforcement is 93A/AG only (no private right of action),inferred-analytic,https://malegislature.gov/Bills/193/H4844
H4844,P-122,c.93M s.4(ii),narrowed to reproductive/gender-affirming-care location information; enforcement is 93A/AG only (no private right of action); rulemaking variant (AG to set targeted-ad limits),inferred-analytic,https://malegislature.gov/Bills/193/H4844
H4844,P-125,c.93M s.2(c),narrowed to reproductive/gender-affirming-care location information; enforcement is 93A/AG only (no private right of action),inferred-analytic,https://malegislature.gov/Bills/193/H4844
H4844,P-127,c.93M s.2(a)(i); s.4(i) policy-content rulemaking,narrowed to reproductive/gender-affirming-care location information; enforcement is 93A/AG only (no private right of action),inferred-analytic,https://malegislature.gov/Bills/193/H4844
H4844,P-129,c.93M s.4(v),narrowed to reproductive/gender-affirming-care location information; enforcement is 93A/AG only (no private right of action); rulemaking variant (AG to prohibit adverse actions),inferred-analytic,https://malegislature.gov/Bills/193/H4844
H4844,P-281,c.93M s.2(b)(i),narrowed to reproductive/gender-affirming-care location information; enforcement is 93A/AG only (no private right of action),inferred-analytic,https://malegislature.gov/Bills/193/H4844
H4844,P-282,c.93M s.2(b)(ii); s.4(iv) destruction rulemaking,narrowed to reproductive/gender-affirming-care location information; enforcement is 93A/AG only (no private right of action),inferred-analytic,https://malegislature.gov/Bills/193/H4844
H4844,P-283,c.93M s.2(b)(iv),narrowed to reproductive/gender-affirming-care location information; enforcement is 93A/AG only (no private right of action),inferred-analytic,https://malegislature.gov/Bills/193/H4844
H4844,P-284,c.93M s.2(b)(iii),narrowed to reproductive/gender-affirming-care location information; enforcement is 93A/AG only (no private right of action); adds 'gift' to the sale ban,inferred-analytic,https://malegislature.gov/Bills/193/H4844
H4844,P-285,c.93M s.2(b)(v),narrowed to reproductive/gender-affirming-care location information; enforcement is 93A/AG only (no private right of action),inferred-analytic,https://malegislature.gov/Bills/193/H4844
H4844,P-286,c.93M s.4(vi),H4844 only,sole-carrier,https://malegislature.gov/Bills/193/H4844
H4940,P-302,new c.90 s.14C(d)(2),House Ways and Means redraft of H4450; superseded by the S3005 text before enactment,verified-official-lineage,https://malegislature.gov/Bills/193/H4940
H4940,P-371,new c.90 s.14C(d)(1),House Ways and Means redraft of H4450; superseded by the S3005 text before enactment,verified-official-lineage,https://malegislature.gov/Bills/193/H4940
H4940,P-379,new c.90 s.14C(d)(2),House Ways and Means redraft of H4450; superseded by the S3005 text before enactment; variant: 30-day/1-year,verified-official-lineage,https://malegislature.gov/Bills/193/H4940
H4940,P-380,new c.90 s.14C(c)(3),"House Ways and Means redraft of H4450, superseded by the S3005 text before enactment; variant: best-efforts, no redaction duty",verified-official-lineage,https://malegislature.gov/Bills/193/H4940
H4977,P-295,2024 c.150 s.52 (new c.239 s.16),enacted vehicle (Affordable Homes Act),inferred-analytic,https://malegislature.gov/Bills/193/H4977
H4977,P-296,"2024 c.150 ss.28,52 (c.93 s.52(a)(7); c.239 s.16(i))",enacted vehicle (Affordable Homes Act),inferred-analytic,https://malegislature.gov/Bills/193/H4977
H5049,P-294,SECTION 70 (amending c.268B s.3),closeout-supplemental stage carrying the withholding expansion,verified-official-lineage,https://malegislature.gov/Bills/193/H5049
H5077,P-294,2024 c.248 s.27 (c.268B s.3),enacted vehicle (December 2024 supplemental),verified-official-lineage,https://malegislature.gov/Bills/193/H5077
H5132,P-294,SECTION 27 (amending c.268B s.3),closeout-supplemental stage carrying the withholding expansion,verified-official-lineage,https://malegislature.gov/Bills/193/H5132
H5154,P-299,SECTION 1 (c.4 s.7 cl.26(w)); c.90K s.5(b),House redraft of S2884,verified-official-lineage,https://malegislature.gov/Bills/193/H5154
H5154,P-300,c.90K s.5(a),House redraft of S2884,verified-official-lineage,https://malegislature.gov/Bills/193/H5154
H5154,P-302,c.90K s.5(d),House redraft of S2884,verified-official-lineage,https://malegislature.gov/Bills/193/H5154
H5154,P-380,c.90K s.5(c),House redraft of S2884; flat prohibition,verified-official-lineage,https://malegislature.gov/Bills/193/H5154
H5154,P-381,c.90K s.5(c),House redraft of S2884; redaction duty,verified-official-lineage,https://malegislature.gov/Bills/193/H5154
H530,P-154,"c.7E ss.1,2(a)-(d),3(a)-(b),(f),4",identical companion,verified-text-identical,https://malegislature.gov/Bills/193/H530
H530,P-155,c.7E s.3(c)-(e),identical companion,verified-text-identical,https://malegislature.gov/Bills/193/H530
H530,P-156,c.7E s.2(e),identical companion,verified-text-identical,https://malegislature.gov/Bills/193/H530
H530,P-157,c.7E s.5,identical companion,verified-text-identical,https://malegislature.gov/Bills/193/H530
H530,P-158,c.7E s.6,identical companion,verified-text-identical,https://malegislature.gov/Bills/193/H530
H532,P-141,c.71 s.34J(a)(1),identical companion,verified-text-identical,https://malegislature.gov/Bills/193/H532
H532,P-142,c.71 s.34J(a)(2),identical companion,verified-text-identical,https://malegislature.gov/Bills/193/H532
H532,P-143,c.71 s.34J(a)(3),identical companion,verified-text-identical,https://malegislature.gov/Bills/193/H532
H532,P-144,c.71 s.34J(a)(4),identical companion,verified-text-identical,https://malegislature.gov/Bills/193/H532
H532,P-145,c.71 s.34J(b)(1),identical companion,verified-text-identical,https://malegislature.gov/Bills/193/H532
H532,P-146,c.71 s.34J(b)(2),identical companion,verified-text-identical,https://malegislature.gov/Bills/193/H532
H532,P-147,c.71 s.34K,identical companion,verified-text-identical,https://malegislature.gov/Bills/193/H532
H532,P-148,c.71 s.34L(a)-(b),identical companion,verified-text-identical,https://malegislature.gov/Bills/193/H532
H532,P-149,c.71 s.34L(c),identical companion,verified-text-identical,https://malegislature.gov/Bills/193/H532
H532,P-150,c.71 s.34L(d),identical companion,verified-text-identical,https://malegislature.gov/Bills/193/H532
H532,P-151,c.71 s.34L(e),identical companion,verified-text-identical,https://malegislature.gov/Bills/193/H532
H532,P-152,c.71 s.34L(f),identical companion,verified-text-identical,https://malegislature.gov/Bills/193/H532
H57,P-291,inserted c.222 s.29 (bill lines 673-677),Governor's FY23 supplemental filing carrying the notary restriction,verified-official-lineage,https://malegislature.gov/Bills/193/H57
H58,P-291,2023 c.2 s.33 (new c.222 s.29),enacted vehicle (FY23 supplemental budget),verified-official-lineage,https://malegislature.gov/Bills/193/H58
H582,P-360,"SECTION 1 (rewritten c.76 s.15, confidentiality clause)",,sole-carrier,https://malegislature.gov/Bills/193/H582
H582,P-363,SECTION 1 (admissibility clause),,sole-carrier,https://malegislature.gov/Bills/193/H582
H582,P-364,SECTION 1 (rating/standing clause),,sole-carrier,https://malegislature.gov/Bills/193/H582
H582,P-370,SECTION 1 (manifest-bad-faith immunity clause),,sole-carrier,https://malegislature.gov/Bills/193/H582
H60,P-031,c.93M s.5,identical companion,verified-text-identical,https://malegislature.gov/Bills/193/H60
H60,P-032,c.93M s.6,identical companion,verified-text-identical,https://malegislature.gov/Bills/193/H60
H60,P-033,c.93M s.7,identical companion; 10-year archive for large holders,verified-text-identical,https://malegislature.gov/Bills/193/H60
H60,P-034,"c.93M ss.8,17(b)-(d),25(u)(3)",identical companion,verified-text-identical,https://malegislature.gov/Bills/193/H60
H60,P-035,c.93M s.9,identical companion; consent-gate mechanism; 12-month re-request cooldown,verified-text-identical,https://malegislature.gov/Bills/193/H60
H60,P-037,c.93M s.11,identical companion,verified-text-identical,https://malegislature.gov/Bills/193/H60
H60,P-038,c.93M s.12,identical companion,verified-text-identical,https://malegislature.gov/Bills/193/H60
H60,P-039,c.93M s.13,identical companion,verified-text-identical,https://malegislature.gov/Bills/193/H60
H60,P-040,"c.93M ss.16,18",identical companion,verified-text-identical,https://malegislature.gov/Bills/193/H60
H60,P-041,c.93M s.19,identical companion,verified-text-identical,https://malegislature.gov/Bills/193/H60
H60,P-042,"c.93M ss.20,25(p)(2)-(3),25(f)",identical companion,verified-text-identical,https://malegislature.gov/Bills/193/H60
H60,P-043,c.93M s.21,identical companion; risk assessments; algorithmic detail for large holders,verified-text-identical,https://malegislature.gov/Bills/193/H60
H60,P-044,c.93M s.22,identical companion,verified-text-identical,https://malegislature.gov/Bills/193/H60
H60,P-045,c.93M s.25,identical companion,verified-text-identical,https://malegislature.gov/Bills/193/H60
H60,P-046,c.93M s.26,identical companion,verified-text-identical,https://malegislature.gov/Bills/193/H60
H60,P-047,c.93M s.27,identical companion,verified-text-identical,https://malegislature.gov/Bills/193/H60
H60,P-048,c.93M s.28,identical companion,verified-text-identical,https://malegislature.gov/Bills/193/H60
H60,P-049,c.93M s.30; SECTION 2,identical companion,verified-text-identical,https://malegislature.gov/Bills/193/H60
H60,P-275,c.93M s.10,identical companion,verified-text-identical,https://malegislature.gov/Bills/193/H60
H60,P-276,c.93M s.10,identical companion,verified-text-identical,https://malegislature.gov/Bills/193/H60
H63,P-081,c.93M s.2(a)-(c); bill SECTION 2,"stricter: handwritten consent for identification, 3-year expiry, retroactive re-consent",inferred-analytic,https://malegislature.gov/Bills/193/H63
H63,P-082,c.93M s.2(c)-(e),richer policy; 20-day change notice,inferred-analytic,https://malegislature.gov/Bills/193/H63
H63,P-083,c.93M s.2(g),adds 911 exception and per-disclosure handwritten consent,inferred-analytic,https://malegislature.gov/Bills/193/H63
H63,P-084,"c.93M ss.1,2(h)",stricter: any disclosure for consideration,inferred-analytic,https://malegislature.gov/Bills/193/H63
H63,P-085,c.93M s.2(f),,inferred-analytic,https://malegislature.gov/Bills/193/H63
H63,P-086,c.93M s.3,H63 only,sole-carrier,https://malegislature.gov/Bills/193/H63
H63,P-087,c.93M s.4,H63 only,sole-carrier,https://malegislature.gov/Bills/193/H63
H63,P-088,c.93M s.5,"revenue-scaled liquidated damages, anti-arbitration, presumption of harm",inferred-analytic,https://malegislature.gov/Bills/193/H63
H637,P-335,new c.111 s.72CC(f),companions; DPH penalties attach,verified-text-identical,https://malegislature.gov/Bills/193/H637
H76,P-091,"SECTIONS 1,4(i)(E)",identical companion of S30,verified-text-identical,https://malegislature.gov/Bills/193/H76
H76,P-092,SECTION 4(i)(F),identical companion of S30,verified-text-identical,https://malegislature.gov/Bills/193/H76
H76,P-093,"SECTIONS 3,4(i)(B),(C),(G)-(J),5",identical companion of S30,verified-text-identical,https://malegislature.gov/Bills/193/H76
H76,P-094,"SECTIONS 4(ii),10",identical companion of S30,verified-text-identical,https://malegislature.gov/Bills/193/H76
H76,P-095,SECTION 2,identical companion of S30,verified-text-identical,https://malegislature.gov/Bills/193/H76
H76,P-096,SECTION 7,identical companion of S30; broad harm categories,verified-text-identical,https://malegislature.gov/Bills/193/H76
H76,P-097,SECTIONS 8-10,identical companion of S30; depends on P-093 subclause references,verified-text-identical,https://malegislature.gov/Bills/193/H76
H80,P-162,"c.93 s.115(b),(c),(f),(g),(h)",,sole-carrier,https://malegislature.gov/Bills/193/H80
H80,P-163,c.93 s.115(d),,sole-carrier,https://malegislature.gov/Bills/193/H80
H80,P-164,"c.93 s.115(i),(k),(m)",,sole-carrier,https://malegislature.gov/Bills/193/H80
H83,P-001,c.93L s.2,identical companion,verified-official-lineage,https://malegislature.gov/Bills/193/H83
H83,P-002,"c.93L ss.2(c),4(c),8(b),9(e)",identical companion,verified-official-lineage,https://malegislature.gov/Bills/193/H83
H83,P-003,c.93L s.3(1),identical companion,verified-official-lineage,https://malegislature.gov/Bills/193/H83
H83,P-004,"c.93L ss.1,3(2)",identical companion,verified-official-lineage,https://malegislature.gov/Bills/193/H83
H83,P-005,c.93L s.3(3),identical companion,verified-official-lineage,https://malegislature.gov/Bills/193/H83
H83,P-006,c.93L s.3(4),identical companion,verified-official-lineage,https://malegislature.gov/Bills/193/H83
H83,P-007,c.93L s.4,identical companion,verified-official-lineage,https://malegislature.gov/Bills/193/H83
H83,P-008,c.93L s.5,identical companion,verified-official-lineage,https://malegislature.gov/Bills/193/H83
H83,P-009,c.93L s.6,identical companion,verified-official-lineage,https://malegislature.gov/Bills/193/H83
H83,P-010,c.93L s.7,identical companion,verified-official-lineage,https://malegislature.gov/Bills/193/H83
H83,P-012,c.93L s.9,identical companion,verified-official-lineage,https://malegislature.gov/Bills/193/H83
H83,P-015,c.93L s.10,identical companion,verified-official-lineage,https://malegislature.gov/Bills/193/H83
H83,P-016,c.93L s.11 (Data Brokers),identical companion; dedicated $100/day penalties,verified-official-lineage,https://malegislature.gov/Bills/193/H83
H83,P-017,c.93L s.11 (Civil rights)(a)-(c),identical companion,verified-official-lineage,https://malegislature.gov/Bills/193/H83
H83,P-018,c.93L s.11 (Civil rights)(d),identical companion,verified-text-near-identical,https://malegislature.gov/Bills/193/H83
H83,P-019,c.93L s.12(a)-(b),identical companion,verified-text-near-identical,https://malegislature.gov/Bills/193/H83
H83,P-020,c.93L s.12(c)-(d),identical companion,verified-text-near-identical,https://malegislature.gov/Bills/193/H83
H83,P-021,c.93L s.12(e)-(g),identical companion,verified-text-near-identical,https://malegislature.gov/Bills/193/H83
H83,P-022,c.93L s.13,identical companion,verified-official-lineage,https://malegislature.gov/Bills/193/H83
H83,P-023,"c.93L ss.14(a)-(e),15(a)",identical companion; defendants: any non-small-business,verified-official-lineage,https://malegislature.gov/Bills/193/H83
H83,P-024,c.93L s.14,identical companion; awards earmarked to individuals,verified-official-lineage,https://malegislature.gov/Bills/193/H83
H83,P-025,c.93L s.14 (final),identical companion,verified-official-lineage,https://malegislature.gov/Bills/193/H83
H83,P-026,c.93L s.16,identical companion,verified-text-near-identical,https://malegislature.gov/Bills/193/H83
H83,P-027,c.93L s.15(b),identical companion,verified-text-near-identical,https://malegislature.gov/Bills/193/H83
H83,P-028,SECTION 2 (c.149 s.204),identical companion,verified-text-near-identical,https://malegislature.gov/Bills/193/H83
H83,P-271,c.93L s.8,identical companion; 24-month lookback; 30-day response,verified-official-lineage,https://malegislature.gov/Bills/193/H83
H83,P-272,c.93L s.8,identical companion,verified-official-lineage,https://malegislature.gov/Bills/193/H83
H83,P-273,c.93L s.8,identical companion,verified-official-lineage,https://malegislature.gov/Bills/193/H83
H83,P-274,c.93L s.8,identical companion,verified-official-lineage,https://malegislature.gov/Bills/193/H83
S1012,P-266,SECTION 5 (c.265 s.43A(b) rewrite),as-filed version; no digitization (deepfake) coverage,verified-text-identical,https://malegislature.gov/Bills/193/S1012
S1012,P-280,SECTION 5 (c.265 s.43A(b)(5)),,verified-text-identical,https://malegislature.gov/Bills/193/S1012
S1013,P-308,new c.56 s.48A(c),penalties attach,sole-carrier,https://malegislature.gov/Bills/193/S1013
S1022,P-251,c.6A s.18M,"identical to H1442; private-data framing, consent-or-court-order rule",verified-text-identical,https://malegislature.gov/Bills/193/S1022
S1022,P-252,c.6A s.18M para.1,identical to H1442,verified-text-identical,https://malegislature.gov/Bills/193/S1022
S1116,P-226,SECTION 2 (new c.214 s.3C); SECTION 1 (c.12 s.11H),stricter variant: adds AG civil-rights enforcement and treble bias damages,inferred-analytic,https://malegislature.gov/Bills/193/S1116
S1133,P-305,SECTION 2 (c.221D s.2),companion of H1566,verified-text-identical,https://malegislature.gov/Bills/193/S1133
S1133,P-306,SECTION 3(a),companion of H1566,verified-text-identical,https://malegislature.gov/Bills/193/S1133
S1133,P-307,SECTION 3(b)-(f),companion of H1566,verified-text-identical,https://malegislature.gov/Bills/193/S1133
S1136,P-368,new c.41 s.97D1/2,sole section,sole-carrier,https://malegislature.gov/Bills/193/S1136
S1139,P-266,SECTION 5 (c.265 s.43A(b) rewrite),as-filed version; no digitization (deepfake) coverage,verified-text-identical,https://malegislature.gov/Bills/193/S1139
S1139,P-280,SECTION 5 (c.265 s.43A(b)(5)),,verified-text-identical,https://malegislature.gov/Bills/193/S1139
S1228,P-320,SECTIONS 3-6,general/specific/simultaneous notice regimes,inferred-analytic,https://malegislature.gov/Bills/193/S1228
S1228,P-321,"SECTIONS 2, 7, 12",monitoring-only act; collection/private-area/First Amendment limits,inferred-analytic,https://malegislature.gov/Bills/193/S1228
S1228,P-322,SECTION 9,no adverse action without compliance; no sole-basis quotas,inferred-analytic,https://malegislature.gov/Bills/193/S1228
S1228,P-323,SECTION 8,,inferred-analytic,https://malegislature.gov/Bills/193/S1228
S1228,P-328,"SECTIONS 10, 12(d)-(e)",enforcement (SECTION 13) and non-waiver attach,sole-carrier,https://malegislature.gov/Bills/193/S1228
S1368,P-260,SECTION 1 (c.111 s.70E),,sole-carrier,https://malegislature.gov/Bills/193/S1368
S1368,P-261,SECTION 2,,sole-carrier,https://malegislature.gov/Bills/193/S1368
S140,P-091,SECTIONS 1-3,own biometric-indicator definition incl. genetic information; no photo exclusions,inferred-analytic,https://malegislature.gov/Bills/193/S140
S148,P-121,"c.93L ss.1,2(a),(b),(d),6; SECTIONS 2-3",identical companion,verified-text-identical,https://malegislature.gov/Bills/193/S148
S148,P-122,c.93L s.2(c),identical companion,verified-text-identical,https://malegislature.gov/Bills/193/S148
S148,P-125,c.93L s.2(f),identical companion,verified-text-identical,https://malegislature.gov/Bills/193/S148
S148,P-126,c.93L s.2(i),identical companion,verified-text-identical,https://malegislature.gov/Bills/193/S148
S148,P-127,"c.93L s.2(g),(h)",identical companion,verified-text-identical,https://malegislature.gov/Bills/193/S148
S148,P-128,c.93L s.3(a)-(c),identical companion,verified-text-identical,https://malegislature.gov/Bills/193/S148
S148,P-129,c.93L s.4,identical companion,verified-text-identical,https://malegislature.gov/Bills/193/S148
S148,P-130,"c.93L ss.5,7",identical companion,verified-text-identical,https://malegislature.gov/Bills/193/S148
S148,P-281,c.93L s.2(e)(1),identical companion,verified-text-identical,https://malegislature.gov/Bills/193/S148
S148,P-282,c.93L s.2(e)(2),identical companion,verified-text-identical,https://malegislature.gov/Bills/193/S148
S148,P-283,c.93L s.2(e)(4),identical companion,verified-text-identical,https://malegislature.gov/Bills/193/S148
S148,P-284,c.93L s.2(e)(3),identical companion,verified-text-identical,https://malegislature.gov/Bills/193/S148
S148,P-285,c.93L s.2(e)(5),identical companion,verified-text-identical,https://malegislature.gov/Bills/193/S148
S1483,P-299,c.4 s.7 cl.26(w); c.90J s.8(c),road-safety/bus-camera c.90J regime,verified-text-identical,https://malegislature.gov/Bills/193/S1483
S1483,P-300,c.90J s.8(b),road-safety/bus-camera c.90J regime,verified-text-identical,https://malegislature.gov/Bills/193/S1483
S1483,P-302,c.90J s.8(e),road-safety/bus-camera c.90J regime,verified-text-identical,https://malegislature.gov/Bills/193/S1483
S1483,P-378,c.90J s.8(a),road-safety/bus-camera c.90J regime,verified-text-identical,https://malegislature.gov/Bills/193/S1483
S1483,P-379,c.90J s.8(a),road-safety/bus-camera c.90J regime; variant: destruction not more than 48 hours after final disposition,verified-text-identical,https://malegislature.gov/Bills/193/S1483
S1483,P-380,c.90J s.8(d),"road-safety/bus-camera c.90J regime; variant: best-efforts ('to the extent practicable, additional efforts shall be made'), against the c.363 line's flat prohibition",verified-text-identical,https://malegislature.gov/Bills/193/S1483
S1503,P-369,c.41 s.97D amendment (sole section),,sole-carrier,https://malegislature.gov/Bills/193/S1503
S151,P-340,c.93B s.4(c)(14),companions,verified-text-identical,https://malegislature.gov/Bills/193/S151
S151,P-341,c.93B s.4(c)(14) indemnification clause,companions,verified-text-identical,https://malegislature.gov/Bills/193/S151
S1551,P-179,c.90 s.8N,single-proposition bill,sole-carrier,https://malegislature.gov/Bills/193/S1551
S1557,P-181,c.6 s.221(c),,sole-carrier,https://malegislature.gov/Bills/193/S1557
S1557,P-182,"c.6 s.221(d)(1),(e)",,sole-carrier,https://malegislature.gov/Bills/193/S1557
S1557,P-183,c.6 s.221(d)(2),,sole-carrier,https://malegislature.gov/Bills/193/S1557
S1557,P-184,c.6 s.221(d)(3),,sole-carrier,https://malegislature.gov/Bills/193/S1557
S1557,P-185,c.6 s.221(f),,sole-carrier,https://malegislature.gov/Bills/193/S1557
S1557,P-186,"c.6 s.221(g),(h)",,sole-carrier,https://malegislature.gov/Bills/193/S1557
S1557,P-187,c.6 s.221(i),,sole-carrier,https://malegislature.gov/Bills/193/S1557
S174,P-247,c.93A1/2 ss.3-4,stricter: consent plus notice for incompatible-purpose processing,verified-text-identical,https://malegislature.gov/Bills/193/S174
S184,P-241,c.93M s.2,identical companion,verified-text-identical,https://malegislature.gov/Bills/193/S184
S184,P-242,c.93M s.3(1)-(3),identical companion; consent withdrawal right (s.4) attaches to this consent mechanism,verified-text-identical,https://malegislature.gov/Bills/193/S184
S184,P-243,c.93M s.3(4),identical companion,verified-text-identical,https://malegislature.gov/Bills/193/S184
S184,P-245,c.93M s.5,identical companion,verified-text-identical,https://malegislature.gov/Bills/193/S184
S184,P-246,c.93M s.6,identical companion,verified-text-identical,https://malegislature.gov/Bills/193/S184
S184,P-277,c.93M s.4,identical companion,verified-text-identical,https://malegislature.gov/Bills/193/S184
S184,P-278,c.93M s.4,identical companion,verified-text-identical,https://malegislature.gov/Bills/193/S184
S1896,P-065,"c.65D ss.1-2,6",,sole-carrier,https://malegislature.gov/Bills/193/S1896
S1896,P-066,c.65D s.5,,sole-carrier,https://malegislature.gov/Bills/193/S1896
S194,P-254,c.10 s.24 (sole section),,sole-carrier,https://malegislature.gov/Bills/193/S194
S195,P-081,c.93M s.2(b),"weaker: written consent, electronic permitted, no expiry",inferred-analytic,https://malegislature.gov/Bills/193/S195
S195,P-082,c.93M s.2(a),harder retention backstop: destruction within 1 year of last interaction,inferred-analytic,https://malegislature.gov/Bills/193/S195
S195,P-083,c.93M s.2(d),adds subpoena and municipal-ordinance exceptions,inferred-analytic,https://malegislature.gov/Bills/193/S195
S195,P-084,c.93M s.2(c),sell/lease/trade/profit formulation,inferred-analytic,https://malegislature.gov/Bills/193/S195
S195,P-085,c.93M s.2(e),,inferred-analytic,https://malegislature.gov/Bills/193/S195
S195,P-088,c.93M s.3,"c.93A procedures; $5,000 or actual; double-treble willful",inferred-analytic,https://malegislature.gov/Bills/193/S195
S195,P-089,c.93M s.2(f),S195 only,sole-carrier,https://malegislature.gov/Bills/193/S195
S198,P-092,sole section,standalone minimal version; clause (d) collides with S140 drafting,verified-official-lineage,https://malegislature.gov/Bills/193/S198
S209,P-205,c.6C s.13(d),identical to H1455,verified-text-identical,https://malegislature.gov/Bills/193/S209
S209,P-206,"c.6C s.13(e),(j)",identical to H1455; any-crime warrant; emergency statement to court,verified-text-identical,https://malegislature.gov/Bills/193/S209
S209,P-207,c.6C s.13(f),identical to H1455,verified-text-identical,https://malegislature.gov/Bills/193/S209
S209,P-208,c.6C s.13(h),identical to H1455; exemplary damages only,verified-text-identical,https://malegislature.gov/Bills/193/S209
S209,P-209,c.6C s.13(i),identical to H1455,verified-text-identical,https://malegislature.gov/Bills/193/S209
S218,P-068,c.93 s.115,,verified-text-near-identical,https://malegislature.gov/Bills/193/S218
S2250,P-342,SECTIONS 1-2 (c.90 s.30A; c.147 s.30 para 12),companions,inferred-analytic,https://malegislature.gov/Bills/193/S2250
S2250,P-343,c.147 s.30 para 13,companions; license revocation attaches,inferred-analytic,https://malegislature.gov/Bills/193/S2250
S227,P-031,c.93M s.5,identical companion,verified-text-identical,https://malegislature.gov/Bills/193/S227
S227,P-032,c.93M s.6,identical companion,verified-text-identical,https://malegislature.gov/Bills/193/S227
S227,P-033,c.93M s.7,identical companion; 10-year archive for large holders,verified-text-identical,https://malegislature.gov/Bills/193/S227
S227,P-034,"c.93M ss.8,17(b)-(d),25(u)(3)",identical companion,verified-text-identical,https://malegislature.gov/Bills/193/S227
S227,P-035,c.93M s.9,identical companion; consent-gate mechanism; 12-month re-request cooldown,verified-text-identical,https://malegislature.gov/Bills/193/S227
S227,P-037,c.93M s.11,identical companion,verified-text-identical,https://malegislature.gov/Bills/193/S227
S227,P-038,c.93M s.12,identical companion,verified-text-identical,https://malegislature.gov/Bills/193/S227
S227,P-039,c.93M s.13,identical companion,verified-text-identical,https://malegislature.gov/Bills/193/S227
S227,P-040,"c.93M ss.16,18",identical companion,verified-text-identical,https://malegislature.gov/Bills/193/S227
S227,P-041,c.93M s.19,identical companion,verified-text-identical,https://malegislature.gov/Bills/193/S227
S227,P-042,"c.93M ss.20,25(p)(2)-(3),25(f)",identical companion,verified-text-identical,https://malegislature.gov/Bills/193/S227
S227,P-043,c.93M s.21,identical companion; risk assessments; algorithmic detail for large holders,verified-text-identical,https://malegislature.gov/Bills/193/S227
S227,P-044,c.93M s.22,identical companion,verified-text-identical,https://malegislature.gov/Bills/193/S227
S227,P-045,c.93M s.25,identical companion,verified-text-identical,https://malegislature.gov/Bills/193/S227
S227,P-046,c.93M s.26,identical companion,verified-text-identical,https://malegislature.gov/Bills/193/S227
S227,P-047,c.93M s.27,identical companion,verified-text-identical,https://malegislature.gov/Bills/193/S227
S227,P-048,c.93M s.28,identical companion,verified-text-identical,https://malegislature.gov/Bills/193/S227
S227,P-049,c.93M s.30; SECTION 2,identical companion,verified-text-identical,https://malegislature.gov/Bills/193/S227
S227,P-275,c.93M s.10,identical companion,verified-text-identical,https://malegislature.gov/Bills/193/S227
S227,P-276,c.93M s.10,identical companion,verified-text-identical,https://malegislature.gov/Bills/193/S227
S2275,P-299,c.4 s.7 cl.26(w); c.90J s.8(c),road-safety/bus-camera c.90J regime,verified-text-identical,https://malegislature.gov/Bills/193/S2275
S2275,P-300,c.90J s.8(b),road-safety/bus-camera c.90J regime,verified-text-identical,https://malegislature.gov/Bills/193/S2275
S2275,P-302,c.90J s.8(e),road-safety/bus-camera c.90J regime,verified-text-identical,https://malegislature.gov/Bills/193/S2275
S2275,P-378,c.90J s.8(a),road-safety/bus-camera c.90J regime,verified-text-identical,https://malegislature.gov/Bills/193/S2275
S2275,P-379,c.90J s.8(a),road-safety/bus-camera c.90J regime; variant: destruction not more than 48 hours after final disposition,verified-text-identical,https://malegislature.gov/Bills/193/S2275
S2275,P-380,c.90J s.8(d),"road-safety/bus-camera c.90J regime; variant: best-efforts ('to the extent practicable, additional efforts shall be made'), against the c.363 line's flat prohibition",verified-text-identical,https://malegislature.gov/Bills/193/S2275
S23,P-291,SECTION 30 (new c.222 s.29),Senate supplemental-budget vehicle carrying the notary restriction,verified-official-lineage,https://malegislature.gov/Bills/193/S23
S24,P-291,s.19 (new c.222 s.29),Senate Ways and Means FY23 supplemental stage,verified-official-lineage,https://malegislature.gov/Bills/193/S24
S25,P-001,c.93L s.2,identical companion,verified-official-lineage,https://malegislature.gov/Bills/193/S25
S25,P-002,"c.93L ss.2(c),4(c),8(b),9(e)",identical companion,verified-official-lineage,https://malegislature.gov/Bills/193/S25
S25,P-003,c.93L s.3(1),identical companion,verified-official-lineage,https://malegislature.gov/Bills/193/S25
S25,P-004,"c.93L ss.1,3(2)",identical companion,verified-official-lineage,https://malegislature.gov/Bills/193/S25
S25,P-005,c.93L s.3(3),identical companion,verified-official-lineage,https://malegislature.gov/Bills/193/S25
S25,P-006,c.93L s.3(4),identical companion,verified-official-lineage,https://malegislature.gov/Bills/193/S25
S25,P-007,c.93L s.4,identical companion,verified-official-lineage,https://malegislature.gov/Bills/193/S25
S25,P-008,c.93L s.5,identical companion,verified-official-lineage,https://malegislature.gov/Bills/193/S25
S25,P-009,c.93L s.6,identical companion,verified-official-lineage,https://malegislature.gov/Bills/193/S25
S25,P-010,c.93L s.7,identical companion,verified-official-lineage,https://malegislature.gov/Bills/193/S25
S25,P-012,c.93L s.9,identical companion,verified-official-lineage,https://malegislature.gov/Bills/193/S25
S25,P-015,c.93L s.10,identical companion,verified-official-lineage,https://malegislature.gov/Bills/193/S25
S25,P-016,c.93L s.11 (Data Brokers),identical companion; dedicated $100/day penalties,verified-official-lineage,https://malegislature.gov/Bills/193/S25
S25,P-017,c.93L s.11 (Civil rights)(a)-(c),identical companion,verified-official-lineage,https://malegislature.gov/Bills/193/S25
S25,P-018,c.93L s.11 (Civil rights)(d),identical companion,verified-text-near-identical,https://malegislature.gov/Bills/193/S25
S25,P-019,c.93L s.12(a)-(b),identical companion,verified-text-near-identical,https://malegislature.gov/Bills/193/S25
S25,P-020,c.93L s.12(c)-(d),identical companion,verified-text-near-identical,https://malegislature.gov/Bills/193/S25
S25,P-021,c.93L s.12(e)-(g),identical companion,verified-text-near-identical,https://malegislature.gov/Bills/193/S25
S25,P-022,c.93L s.13,identical companion,verified-official-lineage,https://malegislature.gov/Bills/193/S25
S25,P-023,"c.93L ss.14(a)-(e),15(a)",identical companion; defendants: any non-small-business,verified-official-lineage,https://malegislature.gov/Bills/193/S25
S25,P-024,c.93L s.14,identical companion; awards earmarked to individuals,verified-official-lineage,https://malegislature.gov/Bills/193/S25
S25,P-025,c.93L s.14 (final),identical companion,verified-official-lineage,https://malegislature.gov/Bills/193/S25
S25,P-026,c.93L s.16,identical companion,verified-text-near-identical,https://malegislature.gov/Bills/193/S25
S25,P-027,c.93L s.15(b),identical companion,verified-text-near-identical,https://malegislature.gov/Bills/193/S25
S25,P-028,SECTION 2 (c.149 s.204),identical companion,verified-text-near-identical,https://malegislature.gov/Bills/193/S25
S25,P-271,c.93L s.8,identical companion; 24-month lookback; 30-day response,verified-official-lineage,https://malegislature.gov/Bills/193/S25
S25,P-272,c.93L s.8,identical companion,verified-official-lineage,https://malegislature.gov/Bills/193/S25
S25,P-273,c.93L s.8,identical companion,verified-official-lineage,https://malegislature.gov/Bills/193/S25
S25,P-274,c.93L s.8,identical companion,verified-official-lineage,https://malegislature.gov/Bills/193/S25
S2539,P-091,"SECTIONS 5,8(i)(E)",matches S30 wording,verified-official-lineage,https://malegislature.gov/Bills/193/S2539
S2539,P-092,SECTION 8(i)(F),,verified-official-lineage,https://malegislature.gov/Bills/193/S2539
S2539,P-093,"SECTIONS 7,8(i)(B),(C),(G)-(J),9",,verified-official-lineage,https://malegislature.gov/Bills/193/S2539
S2539,P-094,"SECTIONS 8(ii),15",,verified-official-lineage,https://malegislature.gov/Bills/193/S2539
S2539,P-095,SECTION 6,,verified-official-lineage,https://malegislature.gov/Bills/193/S2539
S2539,P-096,SECTION 11,,verified-official-lineage,https://malegislature.gov/Bills/193/S2539
S2539,P-097,"SECTIONS 12,14,15",,verified-official-lineage,https://malegislature.gov/Bills/193/S2539
S2539,P-098,SECTION 13,S2539 only,sole-carrier,https://malegislature.gov/Bills/193/S2539
S2539,P-101,SECTION 17 (c.175 s.231),S2539 only; borderline in-domain,sole-carrier,https://malegislature.gov/Bills/193/S2539
S2539,P-287,SECTION 1 (c.7D s.17(f)(iv)),delegated rulemaking; boundary call in codebook,sole-carrier,https://malegislature.gov/Bills/193/S2539
S2539,P-288,SECTION 1 (c.7D s.17(f)(iv)),delegated rulemaking; boundary call in codebook,sole-carrier,https://malegislature.gov/Bills/193/S2539
S2539,P-289,SECTION 1 (c.7D s.17(f)(iv)),deletion/de-identification when data no longer needed,sole-carrier,https://malegislature.gov/Bills/193/S2539
S2600,P-299,SECTION 6 (c.4 s.7 cl.26(w)); SECTION 8 (c.90K s.5(b)),parent vehicle of S2884 (Reported on a part of),verified-official-lineage,https://malegislature.gov/Bills/193/S2600
S2600,P-300,c.90K s.5(a),,verified-official-lineage,https://malegislature.gov/Bills/193/S2600
S2600,P-302,c.90K s.5(d),,verified-official-lineage,https://malegislature.gov/Bills/193/S2600
S2600,P-380,c.90K s.5(c),flat prohibition,verified-official-lineage,https://malegislature.gov/Bills/193/S2600
S2600,P-381,c.90K s.5(c),redaction duty,verified-official-lineage,https://malegislature.gov/Bills/193/S2600
S2604,P-335,new c.111 s.72CC(f),Senate redraft; clause dropped from enacted 2024 c.197 s.17 (see adjudication),verified-official-lineage,https://malegislature.gov/Bills/193/S2604
S2666,P-154,"c.7E ss.1,2(a)-(d),3(a)-(b),(f),4",redraft of H530/S343; identical,verified-text-identical,https://malegislature.gov/Bills/193/S2666
S2666,P-155,c.7E s.3(c)-(e),redraft of H530/S343; identical,verified-text-identical,https://malegislature.gov/Bills/193/S2666
S2666,P-156,c.7E s.2(e),redraft; stricter: adds 20 C.F.R. Part 603 UI-confidentiality condition,verified-text-identical,https://malegislature.gov/Bills/193/S2666
S2666,P-157,c.7E s.5,redraft of H530/S343; identical,verified-text-identical,https://malegislature.gov/Bills/193/S2666
S2666,P-158,c.7E s.6,redraft of H530/S343; identical,verified-text-identical,https://malegislature.gov/Bills/193/S2666
S27,P-131,"c.276 s.1B(a)-(e),(g),(k),(m); s.2A1/2(a); SECTION 3",identical companion,verified-text-identical,https://malegislature.gov/Bills/193/S27
S27,P-132,c.276 s.1B(h)-(j),identical companion,verified-text-identical,https://malegislature.gov/Bills/193/S27
S27,P-133,c.276 s.1B(f),identical companion,verified-text-identical,https://malegislature.gov/Bills/193/S27
S27,P-134,c.276 s.1B(l),identical companion,verified-text-identical,https://malegislature.gov/Bills/193/S27
S27,P-135,c.276 s.1C,identical companion,verified-text-identical,https://malegislature.gov/Bills/193/S27
S27,P-136,c.276 s.1D; s.2A1/2(b),identical companion,verified-text-identical,https://malegislature.gov/Bills/193/S27
S27,P-137,c.276 s.1E,identical companion,verified-text-identical,https://malegislature.gov/Bills/193/S27
S27,P-138,"SECTIONS 4-5 (c.78 s.7, s.7A)",identical companion,verified-text-identical,https://malegislature.gov/Bills/193/S27
S2703,P-266,SECTION 6 (c.265 s.43A(b)),Senate redraft in the NDII lineage,verified-official-lineage,https://malegislature.gov/Bills/193/S2703
S2703,P-280,SECTION 6 (c.265 s.43A(b)(5)),,verified-official-lineage,https://malegislature.gov/Bills/193/S2703
S2710,P-266,SECTION 7 (c.265 s.43A(b)),later Senate redraft in the NDII lineage,verified-official-lineage,https://malegislature.gov/Bills/193/S2710
S2710,P-280,SECTION 7 (c.265 s.43A(b)(5)),,verified-official-lineage,https://malegislature.gov/Bills/193/S2710
S2770,P-001,c.93M s.2,identical companion of H4632; variant: drops civic-engagement purpose and explicit targeted-ads secondary purpose,verified-text-identical,https://malegislature.gov/Bills/193/S2770
S2770,P-002,"c.93M ss.1(a)(10),2(c),4(b),5(c),10(f)",identical companion of H4632; variant: codifies dark-pattern definition incl. FTC reference,verified-text-identical,https://malegislature.gov/Bills/193/S2770
S2770,P-003,c.93M s.3(a)(1),identical companion of H4632,verified-text-identical,https://malegislature.gov/Bills/193/S2770
S2770,P-004,"c.93M ss.1(a)(29),3(a)(2)","identical companion of H4632; stricter: sensitive-data definition broadened (reproductive health, pregnancy, victim status)",verified-text-identical,https://malegislature.gov/Bills/193/S2770
S2770,P-005,c.93M s.3(a)(3),identical companion of H4632; variant: defined consent replaces affirmative express consent,verified-text-identical,https://malegislature.gov/Bills/193/S2770
S2770,P-006,c.93M s.3(a)(4),identical companion of H4632,verified-text-identical,https://malegislature.gov/Bills/193/S2770
S2770,P-007,c.93M s.5,"identical companion of H4632; stricter: point-of-collection display, no account conditioning",verified-text-identical,https://malegislature.gov/Bills/193/S2770
S2770,P-008,c.93M s.6(a)(4),identical companion of H4632; variant: adds retention-evaluation duty,verified-text-identical,https://malegislature.gov/Bills/193/S2770
S2770,P-009,c.93M s.7,identical companion of H4632,verified-text-identical,https://malegislature.gov/Bills/193/S2770
S2770,P-010,c.93M s.9(i)-(j),identical companion of H4632; stricter: homepage placement plus separate biometric and geolocation policies,verified-text-identical,https://malegislature.gov/Bills/193/S2770
S2770,P-012,"c.93M s.10(a)-(c),(e)-(j)","identical companion of H4632; variant: forwarding liability shield, loyalty conflict procedure",verified-text-identical,https://malegislature.gov/Bills/193/S2770
S2770,P-013,"c.93M ss.1(a)(26),10(d)",identical companion of H4632; added by redraft,verified-text-identical,https://malegislature.gov/Bills/193/S2770
S2770,P-014,c.93M s.15,identical companion of H4632; added by redraft,verified-text-identical,https://malegislature.gov/Bills/193/S2770
S2770,P-015,"c.93M ss.1(a)(18),16",identical companion of H4632,verified-text-identical,https://malegislature.gov/Bills/193/S2770
S2770,P-016,"c.93M ss.17,14(a)(4)",identical companion of H4632; variant: dedicated penalties replaced by general enforcement; AG broker rulemaking,verified-text-identical,https://malegislature.gov/Bills/193/S2770
S2770,P-017,c.93M s.8,identical companion of H4632; stricter: protected classes expanded to c.151B universe,verified-text-identical,https://malegislature.gov/Bills/193/S2770
S2770,P-022,c.93M s.11,identical companion of H4632,verified-text-identical,https://malegislature.gov/Bills/193/S2770
S2770,P-023,"c.93M s.12(a)-(f),(j)","identical companion of H4632; weaker: defendant class narrowed to large data holders; adds 93A $5,000 floor",verified-text-identical,https://malegislature.gov/Bills/193/S2770
S2770,P-024,"c.93M ss.12(g)-(h),14",identical companion of H4632; variant: adds operating-suspension remedy; drops earmarking,verified-text-identical,https://malegislature.gov/Bills/193/S2770
S2770,P-025,c.93M s.12(i),identical companion of H4632,verified-text-identical,https://malegislature.gov/Bills/193/S2770
S2770,P-121,"c.93N ss.1,2(a)-(b),(d)","identical companion of H4632; variant of H357/S148 chapter: softened AG regs, altered retroactivity",verified-text-identical,https://malegislature.gov/Bills/193/S2770
S2770,P-122,c.93N s.2(c),identical companion of H4632,verified-text-identical,https://malegislature.gov/Bills/193/S2770
S2770,P-125,c.93N s.2(f),identical companion of H4632; weaker: legal-mandate exception broadened to court orders/subpoenas/CIDs,verified-text-identical,https://malegislature.gov/Bills/193/S2770
S2770,P-126,c.93N s.2(i),identical companion of H4632,verified-text-identical,https://malegislature.gov/Bills/193/S2770
S2770,P-127,c.93N s.2(g)-(h),identical companion of H4632,verified-text-identical,https://malegislature.gov/Bills/193/S2770
S2770,P-129,c.93N s.3,identical companion of H4632,verified-text-identical,https://malegislature.gov/Bills/193/S2770
S2770,P-130,c.93N s.4,"identical companion of H4632; variant: $5,000/actual damages, 93A UDAP deeming",verified-text-identical,https://malegislature.gov/Bills/193/S2770
S2770,P-271,c.93M s.4,"identical companion of H4632; weaker: 12-month lookback, 45-day response",verified-text-identical,https://malegislature.gov/Bills/193/S2770
S2770,P-272,c.93M s.4,identical companion of H4632,verified-text-identical,https://malegislature.gov/Bills/193/S2770
S2770,P-273,c.93M s.4,identical companion of H4632; FCRA exception replaces school exception,verified-text-identical,https://malegislature.gov/Bills/193/S2770
S2770,P-274,c.93M s.4,identical companion of H4632,verified-text-identical,https://malegislature.gov/Bills/193/S2770
S2770,P-281,c.93N s.2(e)(1),identical companion of H4632,verified-text-identical,https://malegislature.gov/Bills/193/S2770
S2770,P-282,c.93N s.2(e)(2),identical companion of H4632,verified-text-identical,https://malegislature.gov/Bills/193/S2770
S2770,P-283,c.93N s.2(e)(4),identical companion of H4632,verified-text-identical,https://malegislature.gov/Bills/193/S2770
S2770,P-284,c.93N s.2(e)(3),identical companion of H4632; retroactive application,verified-text-identical,https://malegislature.gov/Bills/193/S2770
S2770,P-285,c.93N s.2(e)(5),identical companion of H4632; retroactive application,verified-text-identical,https://malegislature.gov/Bills/193/S2770
S280,P-141,c.71 s.34J(a)(1),identical companion,verified-text-identical,https://malegislature.gov/Bills/193/S280
S280,P-142,c.71 s.34J(a)(2),identical companion,verified-text-identical,https://malegislature.gov/Bills/193/S280
S280,P-143,c.71 s.34J(a)(3),identical companion,verified-text-identical,https://malegislature.gov/Bills/193/S280
S280,P-144,c.71 s.34J(a)(4),identical companion,verified-text-identical,https://malegislature.gov/Bills/193/S280
S280,P-145,c.71 s.34J(b)(1),identical companion,verified-text-identical,https://malegislature.gov/Bills/193/S280
S280,P-146,c.71 s.34J(b)(2),identical companion,verified-text-identical,https://malegislature.gov/Bills/193/S280
S280,P-147,c.71 s.34K,identical companion,verified-text-identical,https://malegislature.gov/Bills/193/S280
S280,P-148,c.71 s.34L(a)-(b),identical companion,verified-text-identical,https://malegislature.gov/Bills/193/S280
S280,P-149,c.71 s.34L(c),identical companion,verified-text-identical,https://malegislature.gov/Bills/193/S280
S280,P-150,c.71 s.34L(d),identical companion,verified-text-identical,https://malegislature.gov/Bills/193/S280
S280,P-151,c.71 s.34L(e),identical companion,verified-text-identical,https://malegislature.gov/Bills/193/S280
S280,P-152,c.71 s.34L(f),identical companion,verified-text-identical,https://malegislature.gov/Bills/193/S280
S2809,P-366,new c.160 s.253,identical companion,verified-text-identical,https://malegislature.gov/Bills/193/S2809
S2834,P-295,"new c.239 s.16(b)-(h),(j)",Senate Affordable Homes vehicle,verified-official-lineage,https://malegislature.gov/Bills/193/S2834
S2834,P-296,new c.239 s.16(i); c.93 s.52(a)(7),Senate Affordable Homes vehicle,verified-official-lineage,https://malegislature.gov/Bills/193/S2834
S2850,P-295,"new c.239 s.16(b)-(h),(j)",Senate Affordable Homes vehicle,verified-official-lineage,https://malegislature.gov/Bills/193/S2850
S2850,P-296,new c.239 s.16(i); c.93 s.52(a)(7),Senate Affordable Homes vehicle,verified-official-lineage,https://malegislature.gov/Bills/193/S2850
S2884,P-299,SECTION 1 (c.4 s.7 cl.26(w)); c.90K s.5(b),enacted as 2024 c.363,verified-official-lineage,https://malegislature.gov/Bills/193/S2884
S2884,P-300,c.90K s.5(a),enacted as 2024 c.363,verified-official-lineage,https://malegislature.gov/Bills/193/S2884
S2884,P-302,c.90K s.5(d),enacted as 2024 c.363,verified-official-lineage,https://malegislature.gov/Bills/193/S2884
S2884,P-380,c.90K s.5(c),enacted as 2024 c.363; flat prohibition on using photographs to identify,verified-official-lineage,https://malegislature.gov/Bills/193/S2884
S2884,P-381,c.90K s.5(c),enacted as 2024 c.363; redaction duty absent from the c.90 s.14C line and from 2024 c.399,verified-official-lineage,https://malegislature.gov/Bills/193/S2884
S2888,P-303,s.14/s.15 (c.159A1/2 s.12(a)-(b)),Senate supplemental stage; pre-geolocation drafting variant,verified-official-lineage,https://malegislature.gov/Bills/193/S2888
S2888,P-304,s.14/s.15 (c.159A1/2 s.12(d)),Senate supplemental stage; pre-geolocation drafting variant,verified-official-lineage,https://malegislature.gov/Bills/193/S2888
S2891,P-303,s.14/s.15 (c.159A1/2 s.12(a)-(b)),Senate supplemental reprint (text adopted by H4799),verified-official-lineage,https://malegislature.gov/Bills/193/S2891
S2891,P-304,s.14/s.15 (c.159A1/2 s.12(d)),Senate supplemental reprint (text adopted by H4799),verified-official-lineage,https://malegislature.gov/Bills/193/S2891
S30,P-091,"SECTIONS 1,4(i)(E)",identical companion of H76,verified-text-identical,https://malegislature.gov/Bills/193/S30
S30,P-092,SECTION 4(i)(F),identical companion of H76,verified-text-identical,https://malegislature.gov/Bills/193/S30
S30,P-093,"SECTIONS 3,4(i)(B),(C),(G)-(J),5",identical companion of H76,verified-text-identical,https://malegislature.gov/Bills/193/S30
S30,P-094,"SECTIONS 4(ii),10",identical companion of H76,verified-text-identical,https://malegislature.gov/Bills/193/S30
S30,P-095,SECTION 2,identical companion of H76,verified-text-identical,https://malegislature.gov/Bills/193/S30
S30,P-096,SECTION 7,identical companion of H76; broad harm categories,verified-text-identical,https://malegislature.gov/Bills/193/S30
S30,P-097,SECTIONS 8-10,identical companion of H76; depends on P-093 subclause references,verified-text-identical,https://malegislature.gov/Bills/193/S30
S3005,P-302,SECTION 2 (new c.90 s.14C(d)(2)); ENACTED as 2024 c.399 s.2,text substituted for H4940 and enacted verbatim,verified-official-lineage,https://malegislature.gov/Bills/193/S3005
S3005,P-371,SECTION 2 (new c.90 s.14C(d)(1)); ENACTED as 2024 c.399 s.2,text substituted for H4940 and enacted verbatim,verified-official-lineage,https://malegislature.gov/Bills/193/S3005
S3005,P-379,SECTION 2 (new c.90 s.14C(d)(2)); ENACTED as 2024 c.399 s.2,text substituted for H4940 and enacted verbatim; adds the annual destruction attestation to the state secretary; the chapter contains no capture limit,verified-official-lineage,https://malegislature.gov/Bills/193/S3005
S3005,P-380,SECTION 2 (new c.90 s.14C(c)(3)); ENACTED as 2024 c.399 s.2,"text substituted for H4940 and enacted verbatim; variant: best-efforts, and the chapter adds a savings clause that no notice is dismissed solely because a photograph identifies the operator",verified-official-lineage,https://malegislature.gov/Bills/193/S3005
S343,P-154,"c.7E ss.1,2(a)-(d),3(a)-(b),(f),4",identical companion,verified-text-identical,https://malegislature.gov/Bills/193/S343
S343,P-155,c.7E s.3(c)-(e),identical companion,verified-text-identical,https://malegislature.gov/Bills/193/S343
S343,P-156,c.7E s.2(e),identical companion,verified-text-identical,https://malegislature.gov/Bills/193/S343
S343,P-157,c.7E s.5,identical companion,verified-text-identical,https://malegislature.gov/Bills/193/S343
S343,P-158,c.7E s.6,identical companion,verified-text-identical,https://malegislature.gov/Bills/193/S343
S381,P-335,new c.111 s.72CC(f),companions; DPH penalties attach,verified-text-identical,https://malegislature.gov/Bills/193/S381
S627,P-303,c.159A1/2 s.12(a)-(c) (within the bill's TNC/TND provisions),filed carrier of the regime enacted at 2024 c.206 s.15,verified-text-identical,https://malegislature.gov/Bills/193/S627
S627,P-304,c.159A1/2 s.12(d)-(e),filed carrier of the regime enacted at 2024 c.206 s.15,verified-text-identical,https://malegislature.gov/Bills/193/S627
S666,P-303,c.159A1/2 s.12(a)-(c) (within the bill's TNC/TND provisions),filed carrier of the regime enacted at 2024 c.206 s.15,verified-text-identical,https://malegislature.gov/Bills/193/S666
S666,P-304,c.159A1/2 s.12(d)-(e),filed carrier of the regime enacted at 2024 c.206 s.15,verified-text-identical,https://malegislature.gov/Bills/193/S666
S844,P-153,SECTION 1 (c.66 s.22),variant: adds municipal institutions and agency-requester carve-out,verified-official-lineage,https://malegislature.gov/Bills/193/S844
S927,P-171,"c.6 s.220(b),(l)",identical companion,verified-text-identical,https://malegislature.gov/Bills/193/S927
S927,P-172,c.6 s.220(c),identical companion,verified-text-identical,https://malegislature.gov/Bills/193/S927
S927,P-173,c.6 s.220(d),identical companion,verified-text-identical,https://malegislature.gov/Bills/193/S927
S927,P-174,c.6 s.220(e),identical companion,verified-text-identical,https://malegislature.gov/Bills/193/S927
S927,P-175,c.6 s.220(f),identical companion,verified-text-identical,https://malegislature.gov/Bills/193/S927
S927,P-176,"c.6 s.220(g),(h)",identical companion,verified-text-identical,https://malegislature.gov/Bills/193/S927
S927,P-177,"c.6 s.220(i),(j)",identical companion,verified-text-identical,https://malegislature.gov/Bills/193/S927
S927,P-178,c.6 s.220(k),identical companion,verified-text-identical,https://malegislature.gov/Bills/193/S927
S938,P-255,c.258C s.15 (sole section),,verified-text-near-identical,https://malegislature.gov/Bills/193/S938
S941,P-336,SECTION 1 (c.6 s.167A(j)),companions; AG quash authority attaches,verified-text-identical,https://malegislature.gov/Bills/193/S941
S941,P-337,SECTIONS 2-3 (c.6 s.172),companions,verified-text-identical,https://malegislature.gov/Bills/193/S941
S941,P-338,SECTIONS 5-6 (c.147 s.63; c.258B s.3(x)),companions; interview-subject PII carve-out attaches,verified-text-identical,https://malegislature.gov/Bills/193/S941
S943,P-291,new c.222 s.29 (within the notary-modernization act),identical companion,verified-text-identical,https://malegislature.gov/Bills/193/S943
S956,P-295,"new c.239 s.16(a)-(h),(j)-(k)",identical companion,verified-text-identical,https://malegislature.gov/Bills/193/S956
S956,P-296,new c.239 s.16(i); c.93 s.52 amendment,identical companion,verified-text-identical,https://malegislature.gov/Bills/193/S956
S971,P-226,SECTIONS 1-2 (c.214 s.3C),identical companion,verified-text-identical,https://malegislature.gov/Bills/193/S971
