family,phrase,year,chapter,title,snippet,url
biometric,biometric,2023,2,AN ACT MAKING APPROPRIATIONS FOR THE FISCAL YEAR 2023 TO PROVIDE FOR SUPPLEMENTI,"sources, which may include credential analysis, dynamic knowledge-based authentication, analysis of biometric data including, but not limited to, facial recognition, voiceprint analysis or fingerprint analysis or other means permitted by the secretary. &ldquo",https://malegislature.gov/Laws/SessionLaws/Acts/2023/Chapter2
facial-recognition,facial recognition,2023,2,AN ACT MAKING APPROPRIATIONS FOR THE FISCAL YEAR 2023 TO PROVIDE FOR SUPPLEMENTI,", dynamic knowledge-based authentication, analysis of biometric data including, but not limited to, facial recognition, voiceprint analysis or fingerprint analysis or other means permitted by the secretary. &ldquo;Journal&rdquo;, a chronological record of notarial act",https://malegislature.gov/Laws/SessionLaws/Acts/2023/Chapter2
lottery,lottery,2023,10,AN ACT ESTABLISHING A PROCESS FOR DETERMINING THE ORDER OF CANDIDATES' NAMES ON ,"ames by the town clerk for each race. Prior to printing of the ballots, the town clerk shall hold a lottery for each race where names of all qualified candidates shall be entered. The order of the names drawn shall be the order in which the names appear on ",https://malegislature.gov/Laws/SessionLaws/Acts/2023/Chapter10
breach-93H,chapter 93h,2023,28,AN ACT MAKING APPROPRIATIONS FOR THE FISCAL YEAR 2024 FOR THE MAINTENANCE OF THE,"al privacy laws, including, but not limited to, Title 13 of the United States Code and section 2 of chapter 93H. Governor returned the following section with recommendation of amendment, see House, No. H4050 SECTION&nbsp;8.&nbsp;&nbsp;Chapter 6C of the General ",https://malegislature.gov/Laws/SessionLaws/Acts/2023/Chapter28
breach-93H,93h,2023,28,AN ACT MAKING APPROPRIATIONS FOR THE FISCAL YEAR 2024 FOR THE MAINTENANCE OF THE,"cy laws, including, but not limited to, Title 13 of the United States Code and section 2 of chapter 93H. Governor returned the following section with recommendation of amendment, see House, No. H4050 SECTION&nbsp;8.&nbsp;&nbsp;Chapter 6C of the General ",https://malegislature.gov/Laws/SessionLaws/Acts/2023/Chapter28
alpr,alpr,2023,28,AN ACT MAKING APPROPRIATIONS FOR THE FISCAL YEAR 2024 FOR THE MAINTENANCE OF THE,"the operation of the superior court department; provided, that funds shall be expended for medical malpractice tribunals under section 60B of chapter 231 of the General Laws; and provided further, that the clerk of the court shall be responsible for the ",https://malegislature.gov/Laws/SessionLaws/Acts/2023/Chapter28
student-data,student data,2023,28,AN ACT MAKING APPROPRIATIONS FOR THE FISCAL YEAR 2024 FOR THE MAINTENANCE OF THE,"ool districts with funds to partner with local community-based organizations and share identifiable student data to the extent allowed by law; provided further, that not less than $50,000 shall be expended for Girls Design Academy in New Bedford; provided furthe",https://malegislature.gov/Laws/SessionLaws/Acts/2023/Chapter28
social-media,social media,2023,28,AN ACT MAKING APPROPRIATIONS FOR THE FISCAL YEAR 2024 FOR THE MAINTENANCE OF THE,"providers; provided further, that eligible outreach activities shall include: (i) location-specific social media or mobile advertising campaigns; (ii) workplace or classroom educational seminars or similar community-based programming; and (iii) the creation and ",https://malegislature.gov/Laws/SessionLaws/Acts/2023/Chapter28
lottery,lottery,2023,28,AN ACT MAKING APPROPRIATIONS FOR THE FISCAL YEAR 2024 FOR THE MAINTENANCE OF THE,"98,860,209 $1,098,081,115 $50,350,000 Massachusetts Cultural Council $0 $20,000 $0 $20,000 $0 State Lottery Commission $0 $31,250 $1,216,408,020 $1,216,439,270 $0 TOTAL $0 $749,622,156 $1,615,268,229 $2,314,540,385 $50,350,000 Attorney General &nbsp; &nbsp;",https://malegislature.gov/Laws/SessionLaws/Acts/2023/Chapter28
victim-comp,victim compensation,2023,28,AN ACT MAKING APPROPRIATIONS FOR THE FISCAL YEAR 2024 FOR THE MAINTENANCE OF THE,"nbsp;&nbsp;&nbsp;&nbsp;&nbsp;&nbsp; For the purposes of a federally funded grant entitled, FY20 OVC Victim Compensation Formula................................... $1,084,000 0810-0023&nbsp;&nbsp;&nbsp;&nbsp;&nbsp;&nbsp;&nbsp; For the purposes of a federally funded gran",https://malegislature.gov/Laws/SessionLaws/Acts/2023/Chapter28
alpr,alpr,2023,77,AN ACT MAKING APPROPRIATIONS FOR THE FISCAL YEAR 2023 FOR SUPPLEMENTING CERTAIN ,"ble care organization, managed care entity, casualty insurer, workers&rsquo; compensation insurer, malpractice insurer, short-term limited duration insurance, association health plan. SECTION 23. The third paragraph of said section 23 of said chapter 118",https://malegislature.gov/Laws/SessionLaws/Acts/2023/Chapter77
lottery,lottery,2023,77,AN ACT MAKING APPROPRIATIONS FOR THE FISCAL YEAR 2023 FOR SUPPLEMENTING CERTAIN ,"ll Bonus Payments................................................................. $1,000,000 STATE LOTTERY COMMISSION 0640-0000&nbsp;&nbsp;&nbsp;&nbsp;&nbsp;&nbsp;&nbsp; State Lottery Commission............................................................. ",https://malegislature.gov/Laws/SessionLaws/Acts/2023/Chapter77
breach-93H,chapter 93h,2024,140,AN ACT MAKING APPROPRIATIONS FOR THE FISCAL YEAR 2025 FOR THE MAINTENANCE OF THE,"dit information and the last 4 digits of a player&rsquo;s zip code, in compliance with section 2 of chapter 93H; and (b) game identifying information, including game name and device manufacturing company, in protection of corporate intellectual property; provid",https://malegislature.gov/Laws/SessionLaws/Acts/2024/Chapter140
breach-93H,93h,2024,140,AN ACT MAKING APPROPRIATIONS FOR THE FISCAL YEAR 2025 FOR THE MAINTENANCE OF THE,"rmation and the last 4 digits of a player&rsquo;s zip code, in compliance with section 2 of chapter 93H; and (b) game identifying information, including game name and device manufacturing company, in protection of corporate intellectual property; provid",https://malegislature.gov/Laws/SessionLaws/Acts/2024/Chapter140
alpr,alpr,2024,140,AN ACT MAKING APPROPRIATIONS FOR THE FISCAL YEAR 2025 FOR THE MAINTENANCE OF THE,"the operation of the superior court department; provided, that funds shall be expended for medical malpractice tribunals under section 60B of chapter 231 of the General Laws; provided further, that the clerk of the court shall be responsible for the inte",https://malegislature.gov/Laws/SessionLaws/Acts/2024/Chapter140
student-data,student data,2024,140,AN ACT MAKING APPROPRIATIONS FOR THE FISCAL YEAR 2025 FOR THE MAINTENANCE OF THE,"ool districts with funds to partner with local community-based organizations and share identifiable student data to the extent allowed by law; provided further, that not less than $15,000 shall be expended for the YWCA Central Massachusetts, Inc. for youth swimm",https://malegislature.gov/Laws/SessionLaws/Acts/2024/Chapter140
lottery,lottery,2024,140,AN ACT MAKING APPROPRIATIONS FOR THE FISCAL YEAR 2025 FOR THE MAINTENANCE OF THE,"02,650,309 $1,129,855,545 $20,350,000 Massachusetts Cultural Council $0 $16,000 $0 $16,000 $0 State Lottery Commission $0 $31,200 $1,577,419,651 $1,577,450,851 $0 TOTAL $0 $747,602,436 $1,980,069,960 $2,707,322,396 $20,350,000 Attorney General &nbsp; &nbsp;",https://malegislature.gov/Laws/SessionLaws/Acts/2024/Chapter140
victim-comp,victim compensation,2024,140,AN ACT MAKING APPROPRIATIONS FOR THE FISCAL YEAR 2025 FOR THE MAINTENANCE OF THE,"..... $749,999 0810-0053&nbsp;&nbsp;For the purposes of a federally funded grant entitled, FY23 OVC Victim Compensation Formula ..................................... $2,019,000 0810-0054&nbsp;&nbsp;For the purposes of a federally funded grant entitled, FY23 BJA STOP Sc",https://malegislature.gov/Laws/SessionLaws/Acts/2024/Chapter140
alpr,alpr,2024,186,AN ACT PROMOTING ACCESS TO MIDWIFERY CARE AND OUT-OF-HOSPITAL BIRTH OPTIONS,mulgate regulations that may require licensed certified professional midwives to have professional malpractice liability insurance or a suitable bond or other indemnity against liability for professional malpractice in such an amount as may be determined,https://malegislature.gov/Laws/SessionLaws/Acts/2024/Chapter186
lottery,lottery,2024,206,AN ACT MAKING APPROPRIATIONS FOR THE FISCAL YEAR 2024 TO PROVIDE FOR SUPPLEMENTI,"p;&nbsp;&nbsp;&nbsp;&nbsp;&nbsp;&nbsp;&nbsp;&nbsp;(5) the agreement between the Massachusetts State Lottery Commission and the Service Employees International Union, Local 888, Unit LT1, effective from July 1, 2024 through June 30, 2027; &nbsp;&nbsp;&nbsp;&",https://malegislature.gov/Laws/SessionLaws/Acts/2024/Chapter206
biometric,biometric,2024,238,AN ACT RELATIVE TO STRENGTHENING MASSACHUSETTS’ ECONOMIC LEADERSHIP," security guards, video camera surveillance, an electronic system requiring pass codes, keycards or biometric scans or similar security features. &ldquo;Qualified data center costs&rdquo;, expenditures made for the construction, refurbishment, renovation or i",https://malegislature.gov/Laws/SessionLaws/Acts/2024/Chapter238
lottery,lottery,2024,248,AN ACT MAKING APPROPRIATIONS FOR THE FISCAL YEAR 2024 TO PROVIDE FOR SUPPLEMENTI,"STRATION AND FINANCE Reserves 1599-0640 For start-up costs associated with implementation of online lottery; provided, that the secretary of administration and finance may transfer funds from this item to state agencies as defined in section 1 of chapter 29",https://malegislature.gov/Laws/SessionLaws/Acts/2024/Chapter248
