source,target,link_type,confidence,evidence,evidence_url
H1049,194:H1199,official_similar,verified-official-record,Similar Bills tab,https://malegislature.gov/Bills/193/H1049/SimilarBills
H1049,189:H1445,official_similar,verified-official-record,Similar Bills tab,https://malegislature.gov/Bills/193/H1049/SimilarBills
H1428,H4517,sent_to_study,verified-official-record,"Accompanied a study order, see H4517",https://malegislature.gov/Bills/193/H1428
H1428,191:H3257,official_similar,verified-official-record,Similar Bills tab,https://malegislature.gov/Bills/193/H1428/SimilarBills
H1428,192:H1496,official_similar,verified-official-record,Similar Bills tab,https://malegislature.gov/Bills/193/H1428/SimilarBills
H1428,194:H1741,official_similar,verified-official-record,Similar Bills tab,https://malegislature.gov/Bills/193/H1428/SimilarBills
H1428,194:H1729,official_similar,verified-official-record,Similar Bills tab,https://malegislature.gov/Bills/193/H1428/SimilarBills
H1428,194:H3815,official_similar,verified-official-record,Similar Bills tab,https://malegislature.gov/Bills/193/H1428/SimilarBills
H1442,H4323,superseded_by,verified-official-record,"Accompanied a new draft, see H4323",https://malegislature.gov/Bills/193/H1442
H1442,194:H1643,official_similar,verified-official-record,Similar Bills tab,https://malegislature.gov/Bills/193/H1442/SimilarBills
H1442,194:H4634,official_similar,verified-official-record,Similar Bills tab,https://malegislature.gov/Bills/193/H1442/SimilarBills
H1442,190:H765,official_similar,verified-official-record,Similar Bills tab,https://malegislature.gov/Bills/193/H1442/SimilarBills
H1442,191:H3273,official_similar,verified-official-record,Similar Bills tab,https://malegislature.gov/Bills/193/H1442/SimilarBills
H1442,192:H1513,official_similar,verified-official-record,Similar Bills tab,https://malegislature.gov/Bills/193/H1442/SimilarBills
H1455,H4517,sent_to_study,verified-official-record,"Accompanied a study order, see H4517",https://malegislature.gov/Bills/193/H1455
H1455,191:H1380,official_similar,verified-official-record,Similar Bills tab,https://malegislature.gov/Bills/193/H1455/SimilarBills
H1455,192:H1527,official_similar,verified-official-record,Similar Bills tab,https://malegislature.gov/Bills/193/H1455/SimilarBills
H1455,189:H1256,official_similar,verified-official-record,Similar Bills tab,https://malegislature.gov/Bills/193/H1455/SimilarBills
H1455,190:H768,official_similar,verified-official-record,Similar Bills tab,https://malegislature.gov/Bills/193/H1455/SimilarBills
H1455,194:H666,official_similar,verified-official-record,Similar Bills tab,https://malegislature.gov/Bills/193/H1455/SimilarBills
H1572,H4517,sent_to_study,verified-official-record,"Accompanied a study order, see H4517",https://malegislature.gov/Bills/193/H1572
H1572,194:H1773,official_similar,verified-official-record,Similar Bills tab,https://malegislature.gov/Bills/193/H1572/SimilarBills
H1572,194:S1221,official_similar,verified-official-record,Similar Bills tab,https://malegislature.gov/Bills/193/H1572/SimilarBills
H1572,194:S3159,official_similar,verified-official-record,Similar Bills tab,https://malegislature.gov/Bills/193/H1572/SimilarBills
H1572,190:S1253,official_similar,verified-official-record,Similar Bills tab,https://malegislature.gov/Bills/193/H1572/SimilarBills
H1572,193:S1098,official_similar,verified-official-record,Similar Bills tab,https://malegislature.gov/Bills/193/H1572/SimilarBills
H1707,H4517,sent_to_study,verified-official-record,"Accompanied a study order, see H4517",https://malegislature.gov/Bills/193/H1707
H1707,194:H1915,official_similar,verified-official-record,Similar Bills tab,https://malegislature.gov/Bills/193/H1707/SimilarBills
H1707,193:S971,official_similar,verified-official-record,Similar Bills tab,https://malegislature.gov/Bills/193/H1707/SimilarBills
H1707,194:S265,official_similar,verified-official-record,Similar Bills tab,https://malegislature.gov/Bills/193/H1707/SimilarBills
H1707,194:S1210,official_similar,verified-official-record,Similar Bills tab,https://malegislature.gov/Bills/193/H1707/SimilarBills
H1707,194:S250,official_similar,verified-official-record,Similar Bills tab,https://malegislature.gov/Bills/193/H1707/SimilarBills
H1728,H4359,superseded_by,verified-official-record,"Accompanied a new draft, see H4359",https://malegislature.gov/Bills/193/H1728
H1728,194:H1946,official_similar,verified-official-record,Similar Bills tab,https://malegislature.gov/Bills/193/H1728/SimilarBills
H1728,194:H4640,official_similar,verified-official-record,Similar Bills tab,https://malegislature.gov/Bills/193/H1728/SimilarBills
H1728,193:H4359,official_similar,verified-official-record,Similar Bills tab,https://malegislature.gov/Bills/193/H1728/SimilarBills
H1728,194:S1053,official_similar,verified-official-record,Similar Bills tab,https://malegislature.gov/Bills/193/H1728/SimilarBills
H1728,194:H88,official_similar,verified-official-record,Similar Bills tab,https://malegislature.gov/Bills/193/H1728/SimilarBills
H1809,H4517,sent_to_study,verified-official-record,"Accompanied a study order, see H4517",https://malegislature.gov/Bills/193/H1809
H1809,194:H2036,official_similar,verified-official-record,Similar Bills tab,https://malegislature.gov/Bills/193/H1809/SimilarBills
H1809,192:HD4546,official_similar,verified-official-record,Similar Bills tab,https://malegislature.gov/Bills/193/H1809/SimilarBills
H1809,194:H3603,official_similar,verified-official-record,Similar Bills tab,https://malegislature.gov/Bills/193/H1809/SimilarBills
H1809,194:H1166,official_similar,verified-official-record,Similar Bills tab,https://malegislature.gov/Bills/193/H1809/SimilarBills
H1809,194:H3741,official_similar,verified-official-record,Similar Bills tab,https://malegislature.gov/Bills/193/H1809/SimilarBills
H1893,H4570,sent_to_study,verified-official-record,"Accompanied a study order, see H4570",https://malegislature.gov/Bills/193/H1893
H1893,190:H158,official_similar,verified-official-record,Similar Bills tab,https://malegislature.gov/Bills/193/H1893/SimilarBills
H1893,191:H1628,official_similar,verified-official-record,Similar Bills tab,https://malegislature.gov/Bills/193/H1893/SimilarBills
H1893,192:H1982,official_similar,verified-official-record,Similar Bills tab,https://malegislature.gov/Bills/193/H1893/SimilarBills
H1893,191:H3695,official_similar,verified-official-record,Similar Bills tab,https://malegislature.gov/Bills/193/H1893/SimilarBills
H1893,194:H385,official_similar,verified-official-record,Similar Bills tab,https://malegislature.gov/Bills/193/H1893/SimilarBills
H1986,H4712,sent_to_study,verified-official-record,"Accompanied a study order, see H4712",https://malegislature.gov/Bills/193/H1986
H1986,194:H2236,official_similar,verified-official-record,Similar Bills tab,https://malegislature.gov/Bills/193/H1986/SimilarBills
H1986,190:S547,official_similar,verified-official-record,Similar Bills tab,https://malegislature.gov/Bills/193/H1986/SimilarBills
H1986,191:S1154,official_similar,verified-official-record,Similar Bills tab,https://malegislature.gov/Bills/193/H1986/SimilarBills
H1986,192:S1297,official_similar,verified-official-record,Similar Bills tab,https://malegislature.gov/Bills/193/H1986/SimilarBills
H1986,192:S1270,official_similar,verified-official-record,Similar Bills tab,https://malegislature.gov/Bills/193/H1986/SimilarBills
H326,194:H389,official_similar,verified-official-record,Similar Bills tab,https://malegislature.gov/Bills/193/H326/SimilarBills
H326,188:H244,official_similar,verified-official-record,Similar Bills tab,https://malegislature.gov/Bills/193/H326/SimilarBills
H326,189:H223,official_similar,verified-official-record,Similar Bills tab,https://malegislature.gov/Bills/193/H326/SimilarBills
H326,190:H165,official_similar,verified-official-record,Similar Bills tab,https://malegislature.gov/Bills/193/H326/SimilarBills
H326,191:H261,official_similar,verified-official-record,Similar Bills tab,https://malegislature.gov/Bills/193/H326/SimilarBills
H3404,194:H3755,official_similar,verified-official-record,Similar Bills tab,https://malegislature.gov/Bills/193/H3404/SimilarBills
H3404,194:H1810,official_similar,verified-official-record,Similar Bills tab,https://malegislature.gov/Bills/193/H3404/SimilarBills
H3404,194:H2297,official_similar,verified-official-record,Similar Bills tab,https://malegislature.gov/Bills/193/H3404/SimilarBills
H3404,194:H2326,official_similar,verified-official-record,Similar Bills tab,https://malegislature.gov/Bills/193/H3404/SimilarBills
H3404,194:H3518,official_similar,verified-official-record,Similar Bills tab,https://malegislature.gov/Bills/193/H3404/SimilarBills
H3434,190:H3439,official_similar,verified-official-record,Similar Bills tab,https://malegislature.gov/Bills/193/H3434/SimilarBills
H3434,191:H3148,official_similar,verified-official-record,Similar Bills tab,https://malegislature.gov/Bills/193/H3434/SimilarBills
H3434,192:H3601,official_similar,verified-official-record,Similar Bills tab,https://malegislature.gov/Bills/193/H3434/SimilarBills
H3434,194:S2357,official_similar,verified-official-record,Similar Bills tab,https://malegislature.gov/Bills/193/H3434/SimilarBills
H3434,186:S1931,official_similar,verified-official-record,Similar Bills tab,https://malegislature.gov/Bills/193/H3434/SimilarBills
H377,H4680,sent_to_study,verified-official-record,"Accompanied a study order, see H4680",https://malegislature.gov/Bills/193/H377
H377,193:S174,official_similar,verified-official-record,Similar Bills tab,https://malegislature.gov/Bills/193/H377/SimilarBills
H377,194:S1532,official_similar,verified-official-record,Similar Bills tab,https://malegislature.gov/Bills/193/H377/SimilarBills
H377,194:S1227,official_similar,verified-official-record,Similar Bills tab,https://malegislature.gov/Bills/193/H377/SimilarBills
H377,188:H1909,official_similar,verified-official-record,Similar Bills tab,https://malegislature.gov/Bills/193/H377/SimilarBills
H377,189:H1900,official_similar,verified-official-record,Similar Bills tab,https://malegislature.gov/Bills/193/H377/SimilarBills
H4323,S1022,redraft_of,verified-official-record,New draft of S1022 and H1442,https://malegislature.gov/Bills/193/H4323
H4323,H1442,redraft_of,verified-official-record,New draft of S1022 and H1442,https://malegislature.gov/Bills/193/H4323
H4323,194:H1643,official_similar,verified-official-record,Similar Bills tab,https://malegislature.gov/Bills/193/H4323/SimilarBills
H4323,194:H4634,official_similar,verified-official-record,Similar Bills tab,https://malegislature.gov/Bills/193/H4323/SimilarBills
H4323,190:H765,official_similar,verified-official-record,Similar Bills tab,https://malegislature.gov/Bills/193/H4323/SimilarBills
H4323,191:H3273,official_similar,verified-official-record,Similar Bills tab,https://malegislature.gov/Bills/193/H4323/SimilarBills
H4323,192:H1513,official_similar,verified-official-record,Similar Bills tab,https://malegislature.gov/Bills/193/H4323/SimilarBills
H4359,S927,redraft_of,verified-official-record,New draft of S927 and H1728,https://malegislature.gov/Bills/193/H4359
H4359,H1728,redraft_of,verified-official-record,New draft of S927 and H1728,https://malegislature.gov/Bills/193/H4359
H4359,194:H1946,official_similar,verified-official-record,Similar Bills tab,https://malegislature.gov/Bills/193/H4359/SimilarBills
H4359,194:H4640,official_similar,verified-official-record,Similar Bills tab,https://malegislature.gov/Bills/193/H4359/SimilarBills
H4359,193:H1728,official_similar,verified-official-record,Similar Bills tab,https://malegislature.gov/Bills/193/H4359/SimilarBills
H4359,194:S1053,official_similar,verified-official-record,Similar Bills tab,https://malegislature.gov/Bills/193/H4359/SimilarBills
H4359,194:H88,official_similar,verified-official-record,Similar Bills tab,https://malegislature.gov/Bills/193/H4359/SimilarBills
H4632,S227,redraft_of,verified-official-record,"New draft of S227, H60, H63, H80 and H83",https://malegislature.gov/Bills/193/H4632
H4632,H60,redraft_of,verified-official-record,"New draft of S227, H60, H63, H80 and H83",https://malegislature.gov/Bills/193/H4632
H4632,H63,redraft_of,verified-official-record,"New draft of S227, H60, H63, H80 and H83",https://malegislature.gov/Bills/193/H4632
H4632,H80,redraft_of,verified-official-record,"New draft of S227, H60, H63, H80 and H83",https://malegislature.gov/Bills/193/H4632
H4632,H83,redraft_of,verified-official-record,"New draft of S227, H60, H63, H80 and H83",https://malegislature.gov/Bills/193/H4632
H4632,193:H83,official_similar,verified-official-record,Similar Bills tab,https://malegislature.gov/Bills/193/H4632/SimilarBills
H4632,194:H104,official_similar,verified-official-record,Similar Bills tab,https://malegislature.gov/Bills/193/H4632/SimilarBills
H4632,194:H1843,official_similar,verified-official-record,Similar Bills tab,https://malegislature.gov/Bills/193/H4632/SimilarBills
H4632,194:H128,official_similar,verified-official-record,Similar Bills tab,https://malegislature.gov/Bills/193/H4632/SimilarBills
H4632,194:H3821,official_similar,verified-official-record,Similar Bills tab,https://malegislature.gov/Bills/193/H4632/SimilarBills
H4844,H4496,reported_from_part_of,verified-official-record,Reported on a part of H4496,https://malegislature.gov/Bills/193/H4844
H4844,193:H4496,official_similar,verified-official-record,Similar Bills tab,https://malegislature.gov/Bills/193/H4844/SimilarBills
H4844,193:H4790,official_similar,verified-official-record,Similar Bills tab,https://malegislature.gov/Bills/193/H4844/SimilarBills
H4844,193:H4799,official_similar,verified-official-record,Similar Bills tab,https://malegislature.gov/Bills/193/H4844/SimilarBills
H4844,193:H5049,official_similar,verified-official-record,Similar Bills tab,https://malegislature.gov/Bills/193/H4844/SimilarBills
H4844,193:H4034,official_similar,verified-official-record,Similar Bills tab,https://malegislature.gov/Bills/193/H4844/SimilarBills
H532,194:H633,official_similar,verified-official-record,Similar Bills tab,https://malegislature.gov/Bills/193/H532/SimilarBills
H532,194:H4405,official_similar,verified-official-record,Similar Bills tab,https://malegislature.gov/Bills/193/H532/SimilarBills
H532,192:H127,official_similar,verified-official-record,Similar Bills tab,https://malegislature.gov/Bills/193/H532/SimilarBills
H532,194:H104,official_similar,verified-official-record,Similar Bills tab,https://malegislature.gov/Bills/193/H532/SimilarBills
H532,194:H1926,official_similar,verified-official-record,Similar Bills tab,https://malegislature.gov/Bills/193/H532/SimilarBills
H60,H4632,superseded_by,verified-official-record,"Accompanied a new draft, see H4632",https://malegislature.gov/Bills/193/H60
H60,194:H1915,official_similar,verified-official-record,Similar Bills tab,https://malegislature.gov/Bills/193/H60/SimilarBills
H60,193:S227,official_similar,verified-official-record,Similar Bills tab,https://malegislature.gov/Bills/193/H60/SimilarBills
H60,194:S265,official_similar,verified-official-record,Similar Bills tab,https://malegislature.gov/Bills/193/H60/SimilarBills
H60,194:S1210,official_similar,verified-official-record,Similar Bills tab,https://malegislature.gov/Bills/193/H60/SimilarBills
H60,194:S250,official_similar,verified-official-record,Similar Bills tab,https://malegislature.gov/Bills/193/H60/SimilarBills
H63,H4632,superseded_by,verified-official-record,"Accompanied a new draft, see H4632",https://malegislature.gov/Bills/193/H63
H63,189:S124,official_similar,verified-official-record,Similar Bills tab,https://malegislature.gov/Bills/193/H63/SimilarBills
H63,194:S187,official_similar,verified-official-record,Similar Bills tab,https://malegislature.gov/Bills/193/H63/SimilarBills
H63,194:S43,official_similar,verified-official-record,Similar Bills tab,https://malegislature.gov/Bills/193/H63/SimilarBills
H63,189:H225,official_similar,verified-official-record,Similar Bills tab,https://malegislature.gov/Bills/193/H63/SimilarBills
H63,190:H1985,official_similar,verified-official-record,Similar Bills tab,https://malegislature.gov/Bills/193/H63/SimilarBills
H76,S2539,superseded_by,verified-official-record,"Accompanied a new draft, see S2539",https://malegislature.gov/Bills/193/H76
H76,194:H93,official_similar,verified-official-record,Similar Bills tab,https://malegislature.gov/Bills/193/H76/SimilarBills
H76,193:S30,official_similar,verified-official-record,Similar Bills tab,https://malegislature.gov/Bills/193/H76/SimilarBills
H80,H4632,superseded_by,verified-official-record,"Accompanied a new draft, see H4632",https://malegislature.gov/Bills/193/H80
H80,194:H98,official_similar,verified-official-record,Similar Bills tab,https://malegislature.gov/Bills/193/H80/SimilarBills
H80,194:H1668,official_similar,verified-official-record,Similar Bills tab,https://malegislature.gov/Bills/193/H80/SimilarBills
H80,194:H1859,official_similar,verified-official-record,Similar Bills tab,https://malegislature.gov/Bills/193/H80/SimilarBills
H80,194:H1704,official_similar,verified-official-record,Similar Bills tab,https://malegislature.gov/Bills/193/H80/SimilarBills
H80,194:H2440,official_similar,verified-official-record,Similar Bills tab,https://malegislature.gov/Bills/193/H80/SimilarBills
H83,H4632,superseded_by,verified-official-record,"Accompanied a new draft, see H4632",https://malegislature.gov/Bills/193/H83
H83,193:H4632,official_similar,verified-official-record,Similar Bills tab,https://malegislature.gov/Bills/193/H83/SimilarBills
H83,194:H1843,official_similar,verified-official-record,Similar Bills tab,https://malegislature.gov/Bills/193/H83/SimilarBills
H83,194:H128,official_similar,verified-official-record,Similar Bills tab,https://malegislature.gov/Bills/193/H83/SimilarBills
H83,194:H3821,official_similar,verified-official-record,Similar Bills tab,https://malegislature.gov/Bills/193/H83/SimilarBills
H83,194:H2688,official_similar,verified-official-record,Similar Bills tab,https://malegislature.gov/Bills/193/H83/SimilarBills
S1022,H4323,superseded_by,verified-official-record,"Accompanied a new draft, see H4323",https://malegislature.gov/Bills/193/S1022
S1022,194:S1156,official_similar,verified-official-record,Similar Bills tab,https://malegislature.gov/Bills/193/S1022/SimilarBills
S1022,190:S886,official_similar,verified-official-record,Similar Bills tab,https://malegislature.gov/Bills/193/S1022/SimilarBills
S1022,191:S968,official_similar,verified-official-record,Similar Bills tab,https://malegislature.gov/Bills/193/S1022/SimilarBills
S1022,192:S1074,official_similar,verified-official-record,Similar Bills tab,https://malegislature.gov/Bills/193/S1022/SimilarBills
S1022,194:H1643,official_similar,verified-official-record,Similar Bills tab,https://malegislature.gov/Bills/193/S1022/SimilarBills
S1368,S2648,sent_to_study,verified-official-record,"Accompanied a study order, see S2648",https://malegislature.gov/Bills/193/S1368
S1368,194:S1532,official_similar,verified-official-record,Similar Bills tab,https://malegislature.gov/Bills/193/S1368/SimilarBills
S1368,192:S1435,official_similar,verified-official-record,Similar Bills tab,https://malegislature.gov/Bills/193/S1368/SimilarBills
S1368,194:H2232,official_similar,verified-official-record,Similar Bills tab,https://malegislature.gov/Bills/193/S1368/SimilarBills
S1368,194:H1156,official_similar,verified-official-record,Similar Bills tab,https://malegislature.gov/Bills/193/S1368/SimilarBills
S1368,194:H2421,official_similar,verified-official-record,Similar Bills tab,https://malegislature.gov/Bills/193/S1368/SimilarBills
S140,194:S187,official_similar,verified-official-record,Similar Bills tab,https://malegislature.gov/Bills/193/S140/SimilarBills
S140,190:S95,official_similar,verified-official-record,Similar Bills tab,https://malegislature.gov/Bills/193/S140/SimilarBills
S140,191:S98,official_similar,verified-official-record,Similar Bills tab,https://malegislature.gov/Bills/193/S140/SimilarBills
S140,192:S161,official_similar,verified-official-record,Similar Bills tab,https://malegislature.gov/Bills/193/S140/SimilarBills
S140,189:S124,official_similar,verified-official-record,Similar Bills tab,https://malegislature.gov/Bills/193/S140/SimilarBills
S148,194:S197,official_similar,verified-official-record,Similar Bills tab,https://malegislature.gov/Bills/193/S148/SimilarBills
S148,193:H357,official_similar,verified-official-record,Similar Bills tab,https://malegislature.gov/Bills/193/S148/SimilarBills
S148,194:H103,official_similar,verified-official-record,Similar Bills tab,https://malegislature.gov/Bills/193/S148/SimilarBills
S148,194:S260,official_similar,verified-official-record,Similar Bills tab,https://malegislature.gov/Bills/193/S148/SimilarBills
S148,194:S1156,official_similar,verified-official-record,Similar Bills tab,https://malegislature.gov/Bills/193/S148/SimilarBills
S1551,S2777,sent_to_study,verified-official-record,"Accompanied a study order, see S2777",https://malegislature.gov/Bills/193/S1551
S1551,194:S1731,official_similar,verified-official-record,Similar Bills tab,https://malegislature.gov/Bills/193/S1551/SimilarBills
S1551,191:S1429,official_similar,verified-official-record,Similar Bills tab,https://malegislature.gov/Bills/193/S1551/SimilarBills
S1551,192:S1608,official_similar,verified-official-record,Similar Bills tab,https://malegislature.gov/Bills/193/S1551/SimilarBills
S1551,190:S1963,official_similar,verified-official-record,Similar Bills tab,https://malegislature.gov/Bills/193/S1551/SimilarBills
S1551,191:H1538,official_similar,verified-official-record,Similar Bills tab,https://malegislature.gov/Bills/193/S1551/SimilarBills
S174,S2630,sent_to_study,verified-official-record,"Accompanied a study order, see S2630",https://malegislature.gov/Bills/193/S174
S174,193:H377,official_similar,verified-official-record,Similar Bills tab,https://malegislature.gov/Bills/193/S174/SimilarBills
S174,194:H190,official_similar,verified-official-record,Similar Bills tab,https://malegislature.gov/Bills/193/S174/SimilarBills
S174,194:H3118,official_similar,verified-official-record,Similar Bills tab,https://malegislature.gov/Bills/193/S174/SimilarBills
S174,194:H3089,official_similar,verified-official-record,Similar Bills tab,https://malegislature.gov/Bills/193/S174/SimilarBills
S174,194:H3263,official_similar,verified-official-record,Similar Bills tab,https://malegislature.gov/Bills/193/S174/SimilarBills
S1896,192:S1938,official_similar,verified-official-record,Similar Bills tab,https://malegislature.gov/Bills/193/S1896/SimilarBills
S1896,194:H2687,official_similar,verified-official-record,Similar Bills tab,https://malegislature.gov/Bills/193/S1896/SimilarBills
S1896,194:S1679,official_similar,verified-official-record,Similar Bills tab,https://malegislature.gov/Bills/193/S1896/SimilarBills
S1896,194:S33,official_similar,verified-official-record,Similar Bills tab,https://malegislature.gov/Bills/193/S1896/SimilarBills
S1896,192:S461,official_similar,verified-official-record,Similar Bills tab,https://malegislature.gov/Bills/193/S1896/SimilarBills
S194,S2630,sent_to_study,verified-official-record,"Accompanied a study order, see S2630",https://malegislature.gov/Bills/193/S194
S194,194:S260,official_similar,verified-official-record,Similar Bills tab,https://malegislature.gov/Bills/193/S194/SimilarBills
S194,189:S172,official_similar,verified-official-record,Similar Bills tab,https://malegislature.gov/Bills/193/S194/SimilarBills
S194,190:S139,official_similar,verified-official-record,Similar Bills tab,https://malegislature.gov/Bills/193/S194/SimilarBills
S194,191:S166,official_similar,verified-official-record,Similar Bills tab,https://malegislature.gov/Bills/193/S194/SimilarBills
S194,192:S223,official_similar,verified-official-record,Similar Bills tab,https://malegislature.gov/Bills/193/S194/SimilarBills
S195,194:S43,official_similar,verified-official-record,Similar Bills tab,https://malegislature.gov/Bills/193/S195/SimilarBills
S195,192:S220,official_similar,verified-official-record,Similar Bills tab,https://malegislature.gov/Bills/193/S195/SimilarBills
S195,190:H1985,official_similar,verified-official-record,Similar Bills tab,https://malegislature.gov/Bills/193/S195/SimilarBills
S195,191:H287,official_similar,verified-official-record,Similar Bills tab,https://malegislature.gov/Bills/193/S195/SimilarBills
S195,194:H2242,official_similar,verified-official-record,Similar Bills tab,https://malegislature.gov/Bills/193/S195/SimilarBills
S209,191:S161,official_similar,verified-official-record,Similar Bills tab,https://malegislature.gov/Bills/193/S209/SimilarBills
S209,192:S214,official_similar,verified-official-record,Similar Bills tab,https://malegislature.gov/Bills/193/S209/SimilarBills
S209,194:H190,official_similar,verified-official-record,Similar Bills tab,https://malegislature.gov/Bills/193/S209/SimilarBills
S209,194:H4247,official_similar,verified-official-record,Similar Bills tab,https://malegislature.gov/Bills/193/S209/SimilarBills
S209,194:H2690,official_similar,verified-official-record,Similar Bills tab,https://malegislature.gov/Bills/193/S209/SimilarBills
S218,194:S289,official_similar,verified-official-record,Similar Bills tab,https://malegislature.gov/Bills/193/S218/SimilarBills
S218,190:S2053,official_similar,verified-official-record,Similar Bills tab,https://malegislature.gov/Bills/193/S218/SimilarBills
S218,194:H101,official_similar,verified-official-record,Similar Bills tab,https://malegislature.gov/Bills/193/S218/SimilarBills
S218,194:H75,official_similar,verified-official-record,Similar Bills tab,https://malegislature.gov/Bills/193/S218/SimilarBills
S218,194:H73,official_similar,verified-official-record,Similar Bills tab,https://malegislature.gov/Bills/193/S218/SimilarBills
S227,H4632,superseded_by,verified-official-record,"Accompanied a new draft, see H4632",https://malegislature.gov/Bills/193/S227
S227,194:S301,official_similar,verified-official-record,Similar Bills tab,https://malegislature.gov/Bills/193/S227/SimilarBills
S227,192:S2687,official_similar,verified-official-record,Similar Bills tab,https://malegislature.gov/Bills/193/S227/SimilarBills
S227,192:S46,official_similar,verified-official-record,Similar Bills tab,https://malegislature.gov/Bills/193/S227/SimilarBills
S227,194:H1658,official_similar,verified-official-record,Similar Bills tab,https://malegislature.gov/Bills/193/S227/SimilarBills
S227,194:S1050,official_similar,verified-official-record,Similar Bills tab,https://malegislature.gov/Bills/193/S227/SimilarBills
S25,S2770,superseded_by,verified-official-record,"Accompanied a new draft, see S2770",https://malegislature.gov/Bills/193/S25
S25,194:S45,official_similar,verified-official-record,Similar Bills tab,https://malegislature.gov/Bills/193/S25/SimilarBills
S25,194:S29,official_similar,verified-official-record,Similar Bills tab,https://malegislature.gov/Bills/193/S25/SimilarBills
S25,194:S33,official_similar,verified-official-record,Similar Bills tab,https://malegislature.gov/Bills/193/S25/SimilarBills
S25,194:S2516,official_similar,verified-official-record,Similar Bills tab,https://malegislature.gov/Bills/193/S25/SimilarBills
S25,194:S2608,official_similar,verified-official-record,Similar Bills tab,https://malegislature.gov/Bills/193/S25/SimilarBills
S2539,S26,redraft_of,verified-official-record,"New draft of S26, S30, S31, S32, S35, S36, S37, S198, H66, H76, H77, H82 and H84",https://malegislature.gov/Bills/193/S2539
S2539,S30,redraft_of,verified-official-record,"New draft of S26, S30, S31, S32, S35, S36, S37, S198, H66, H76, H77, H82 and H84",https://malegislature.gov/Bills/193/S2539
S2539,S31,redraft_of,verified-official-record,"New draft of S26, S30, S31, S32, S35, S36, S37, S198, H66, H76, H77, H82 and H84",https://malegislature.gov/Bills/193/S2539
S2539,S32,redraft_of,verified-official-record,"New draft of S26, S30, S31, S32, S35, S36, S37, S198, H66, H76, H77, H82 and H84",https://malegislature.gov/Bills/193/S2539
S2539,S35,redraft_of,verified-official-record,"New draft of S26, S30, S31, S32, S35, S36, S37, S198, H66, H76, H77, H82 and H84",https://malegislature.gov/Bills/193/S2539
S2539,S36,redraft_of,verified-official-record,"New draft of S26, S30, S31, S32, S35, S36, S37, S198, H66, H76, H77, H82 and H84",https://malegislature.gov/Bills/193/S2539
S2539,S37,redraft_of,verified-official-record,"New draft of S26, S30, S31, S32, S35, S36, S37, S198, H66, H76, H77, H82 and H84",https://malegislature.gov/Bills/193/S2539
S2539,S198,redraft_of,verified-official-record,"New draft of S26, S30, S31, S32, S35, S36, S37, S198, H66, H76, H77, H82 and H84",https://malegislature.gov/Bills/193/S2539
S2539,H66,redraft_of,verified-official-record,"New draft of S26, S30, S31, S32, S35, S36, S37, S198, H66, H76, H77, H82 and H84",https://malegislature.gov/Bills/193/S2539
S2539,H76,redraft_of,verified-official-record,"New draft of S26, S30, S31, S32, S35, S36, S37, S198, H66, H76, H77, H82 and H84",https://malegislature.gov/Bills/193/S2539
S2539,H77,redraft_of,verified-official-record,"New draft of S26, S30, S31, S32, S35, S36, S37, S198, H66, H76, H77, H82 and H84",https://malegislature.gov/Bills/193/S2539
S2539,H82,redraft_of,verified-official-record,"New draft of S26, S30, S31, S32, S35, S36, S37, S198, H66, H76, H77, H82 and H84",https://malegislature.gov/Bills/193/S2539
S2539,H84,redraft_of,verified-official-record,"New draft of S26, S30, S31, S32, S35, S36, S37, S198, H66, H76, H77, H82 and H84",https://malegislature.gov/Bills/193/S2539
S2539,194:S49,official_similar,verified-official-record,Similar Bills tab,https://malegislature.gov/Bills/193/S2539/SimilarBills
S2539,194:S39,official_similar,verified-official-record,Similar Bills tab,https://malegislature.gov/Bills/193/S2539/SimilarBills
S2539,191:S1887,official_similar,verified-official-record,Similar Bills tab,https://malegislature.gov/Bills/193/S2539/SimilarBills
S2539,192:S2088,official_similar,verified-official-record,Similar Bills tab,https://malegislature.gov/Bills/193/S2539/SimilarBills
S2539,192:S51,official_similar,verified-official-record,Similar Bills tab,https://malegislature.gov/Bills/193/S2539/SimilarBills
S2770,S25,redraft_of,verified-official-record,New draft of S25,https://malegislature.gov/Bills/193/S2770
S2770,194:S45,official_similar,verified-official-record,Similar Bills tab,https://malegislature.gov/Bills/193/S2770/SimilarBills
S2770,194:S2516,official_similar,verified-official-record,Similar Bills tab,https://malegislature.gov/Bills/193/S2770/SimilarBills
S2770,194:S2608,official_similar,verified-official-record,Similar Bills tab,https://malegislature.gov/Bills/193/S2770/SimilarBills
S2770,194:S2619,official_similar,verified-official-record,Similar Bills tab,https://malegislature.gov/Bills/193/S2770/SimilarBills
S2770,194:S29,official_similar,verified-official-record,Similar Bills tab,https://malegislature.gov/Bills/193/S2770/SimilarBills
S280,194:H633,official_similar,verified-official-record,Similar Bills tab,https://malegislature.gov/Bills/193/S280/SimilarBills
S280,194:H4405,official_similar,verified-official-record,Similar Bills tab,https://malegislature.gov/Bills/193/S280/SimilarBills
S280,192:H127,official_similar,verified-official-record,Similar Bills tab,https://malegislature.gov/Bills/193/S280/SimilarBills
S280,193:H532,official_similar,verified-official-record,Similar Bills tab,https://malegislature.gov/Bills/193/S280/SimilarBills
S280,194:S364,official_similar,verified-official-record,Similar Bills tab,https://malegislature.gov/Bills/193/S280/SimilarBills
S30,S2539,superseded_by,verified-official-record,"Accompanied a new draft, see S2539",https://malegislature.gov/Bills/193/S30
S30,194:H93,official_similar,verified-official-record,Similar Bills tab,https://malegislature.gov/Bills/193/S30/SimilarBills
S30,193:H76,official_similar,verified-official-record,Similar Bills tab,https://malegislature.gov/Bills/193/S30/SimilarBills
S927,H4359,superseded_by,verified-official-record,"Accompanied a new draft, see H4359",https://malegislature.gov/Bills/193/S927
S927,194:H1946,official_similar,verified-official-record,Similar Bills tab,https://malegislature.gov/Bills/193/S927/SimilarBills
S927,194:S1053,official_similar,verified-official-record,Similar Bills tab,https://malegislature.gov/Bills/193/S927/SimilarBills
S927,194:H4640,official_similar,verified-official-record,Similar Bills tab,https://malegislature.gov/Bills/193/S927/SimilarBills
S927,193:H1728,official_similar,verified-official-record,Similar Bills tab,https://malegislature.gov/Bills/193/S927/SimilarBills
S927,193:H4359,official_similar,verified-official-record,Similar Bills tab,https://malegislature.gov/Bills/193/S927/SimilarBills
S938,S2926,sent_to_study,verified-official-record,"Accompanied a study order, see S2926",https://malegislature.gov/Bills/193/S938
S938,191:S890,official_similar,verified-official-record,Similar Bills tab,https://malegislature.gov/Bills/193/S938/SimilarBills
S938,192:S958,official_similar,verified-official-record,Similar Bills tab,https://malegislature.gov/Bills/193/S938/SimilarBills
S938,189:H1616,official_similar,verified-official-record,Similar Bills tab,https://malegislature.gov/Bills/193/S938/SimilarBills
S938,192:S810,official_similar,verified-official-record,Similar Bills tab,https://malegislature.gov/Bills/193/S938/SimilarBills
S938,186:S2351,official_similar,verified-official-record,Similar Bills tab,https://malegislature.gov/Bills/193/S938/SimilarBills
S971,S2612,sent_to_study,verified-official-record,"Accompanied a study order, see S2612",https://malegislature.gov/Bills/193/S971
S971,194:H1915,official_similar,verified-official-record,Similar Bills tab,https://malegislature.gov/Bills/193/S971/SimilarBills
S971,193:H1707,official_similar,verified-official-record,Similar Bills tab,https://malegislature.gov/Bills/193/S971/SimilarBills
S971,194:S1108,official_similar,verified-official-record,Similar Bills tab,https://malegislature.gov/Bills/193/S971/SimilarBills
S971,194:S1252,official_similar,verified-official-record,Similar Bills tab,https://malegislature.gov/Bills/193/S971/SimilarBills
S971,193:S1116,official_similar,verified-official-record,Similar Bills tab,https://malegislature.gov/Bills/193/S971/SimilarBills
H1283,H4266,superseded_by,verified-official-record,"Accompanied a new draft, see H4266",https://malegislature.gov/Bills/193/H1283
H1283,190:H2230,official_similar,verified-official-record,Similar Bills tab,https://malegislature.gov/Bills/193/H1283/SimilarBills
H1283,191:H1237,official_similar,verified-official-record,Similar Bills tab,https://malegislature.gov/Bills/193/H1283/SimilarBills
H1283,192:H1353,official_similar,verified-official-record,Similar Bills tab,https://malegislature.gov/Bills/193/H1283/SimilarBills
H1283,191:H4420,official_similar,verified-official-record,Similar Bills tab,https://malegislature.gov/Bills/193/H1283/SimilarBills
H1283,192:H4553,official_similar,verified-official-record,Similar Bills tab,https://malegislature.gov/Bills/193/H1283/SimilarBills
H1519,H4517,sent_to_study,verified-official-record,"Accompanied a study order, see H4517",https://malegislature.gov/Bills/193/H1519
H1519,194:H1715,official_similar,verified-official-record,Similar Bills tab,https://malegislature.gov/Bills/193/H1519/SimilarBills
H1519,192:H1580,official_similar,verified-official-record,Similar Bills tab,https://malegislature.gov/Bills/193/H1519/SimilarBills
H1519,194:H2732,official_similar,verified-official-record,Similar Bills tab,https://malegislature.gov/Bills/193/H1519/SimilarBills
H1519,194:H2657,official_similar,verified-official-record,Similar Bills tab,https://malegislature.gov/Bills/193/H1519/SimilarBills
H1519,187:S1184,official_similar,verified-official-record,Similar Bills tab,https://malegislature.gov/Bills/193/H1519/SimilarBills
H1555,H4517,sent_to_study,verified-official-record,"Accompanied a study order, see H4517",https://malegislature.gov/Bills/193/H1555
H1555,194:H1754,official_similar,verified-official-record,Similar Bills tab,https://malegislature.gov/Bills/193/H1555/SimilarBills
H1555,192:H4152,official_similar,verified-official-record,Similar Bills tab,https://malegislature.gov/Bills/193/H1555/SimilarBills
H1555,194:H101,official_similar,verified-official-record,Similar Bills tab,https://malegislature.gov/Bills/193/H1555/SimilarBills
H1555,194:H75,official_similar,verified-official-record,Similar Bills tab,https://malegislature.gov/Bills/193/H1555/SimilarBills
H1555,194:H73,official_similar,verified-official-record,Similar Bills tab,https://malegislature.gov/Bills/193/H1555/SimilarBills
H1653,H4517,sent_to_study,verified-official-record,"Accompanied a study order, see H4517",https://malegislature.gov/Bills/193/H1653
H1653,194:H3755,official_similar,verified-official-record,Similar Bills tab,https://malegislature.gov/Bills/193/H1653/SimilarBills
H1653,194:H2326,official_similar,verified-official-record,Similar Bills tab,https://malegislature.gov/Bills/193/H1653/SimilarBills
H1653,194:H2116,official_similar,verified-official-record,Similar Bills tab,https://malegislature.gov/Bills/193/H1653/SimilarBills
H1653,194:H124,official_similar,verified-official-record,Similar Bills tab,https://malegislature.gov/Bills/193/H1653/SimilarBills
H1653,194:H2020,official_similar,verified-official-record,Similar Bills tab,https://malegislature.gov/Bills/193/H1653/SimilarBills
H281,194:H358,official_similar,verified-official-record,Similar Bills tab,https://malegislature.gov/Bills/193/H281/SimilarBills
H281,190:H2813,official_similar,verified-official-record,Similar Bills tab,https://malegislature.gov/Bills/193/H281/SimilarBills
H281,191:H223,official_similar,verified-official-record,Similar Bills tab,https://malegislature.gov/Bills/193/H281/SimilarBills
H281,192:H349,official_similar,verified-official-record,Similar Bills tab,https://malegislature.gov/Bills/193/H281/SimilarBills
H281,189:S545,official_similar,verified-official-record,Similar Bills tab,https://malegislature.gov/Bills/193/H281/SimilarBills
H3179,194:H3510,official_similar,verified-official-record,Similar Bills tab,https://malegislature.gov/Bills/193/H3179/SimilarBills
H3179,191:H382,official_similar,verified-official-record,Similar Bills tab,https://malegislature.gov/Bills/193/H3179/SimilarBills
H3179,192:H521,official_similar,verified-official-record,Similar Bills tab,https://malegislature.gov/Bills/193/H3179/SimilarBills
H3179,194:S3090,official_similar,verified-official-record,Similar Bills tab,https://malegislature.gov/Bills/193/H3179/SimilarBills
H3179,194:S3190,official_similar,verified-official-record,Similar Bills tab,https://malegislature.gov/Bills/193/H3179/SimilarBills
H3217,H4502,superseded_by,verified-official-record,"Accompanied a new draft, see H4502",https://malegislature.gov/Bills/193/H3217
H3217,190:H4371,official_similar,verified-official-record,Similar Bills tab,https://malegislature.gov/Bills/193/H3217/SimilarBills
H3217,194:H2504,official_similar,verified-official-record,Similar Bills tab,https://malegislature.gov/Bills/193/H3217/SimilarBills
H3217,194:S1481,official_similar,verified-official-record,Similar Bills tab,https://malegislature.gov/Bills/193/H3217/SimilarBills
H3217,194:S219,official_similar,verified-official-record,Similar Bills tab,https://malegislature.gov/Bills/193/H3217/SimilarBills
H3217,186:S77,official_similar,verified-official-record,Similar Bills tab,https://malegislature.gov/Bills/193/H3217/SimilarBills
H3431,H4714,sent_to_study,verified-official-record,"Accompanied a study order, see H4714",https://malegislature.gov/Bills/193/H3431
H3431,190:H1902,official_similar,verified-official-record,Similar Bills tab,https://malegislature.gov/Bills/193/H3431/SimilarBills
H3431,191:H3141,official_similar,verified-official-record,Similar Bills tab,https://malegislature.gov/Bills/193/H3431/SimilarBills
H3431,192:H3597,official_similar,verified-official-record,Similar Bills tab,https://malegislature.gov/Bills/193/H3431/SimilarBills
H3431,189:H3102,official_similar,verified-official-record,Similar Bills tab,https://malegislature.gov/Bills/193/H3431/SimilarBills
H3431,192:H3564,official_similar,verified-official-record,Similar Bills tab,https://malegislature.gov/Bills/193/H3431/SimilarBills
H3831,H4578,sent_to_study,verified-official-record,"Accompanied a study order, see H4578",https://malegislature.gov/Bills/193/H3831
H3831,194:H1843,official_similar,verified-official-record,Similar Bills tab,https://malegislature.gov/Bills/193/H3831/SimilarBills
H3831,194:H128,official_similar,verified-official-record,Similar Bills tab,https://malegislature.gov/Bills/193/H3831/SimilarBills
H3831,194:H3821,official_similar,verified-official-record,Similar Bills tab,https://malegislature.gov/Bills/193/H3831/SimilarBills
H3831,194:H2688,official_similar,verified-official-record,Similar Bills tab,https://malegislature.gov/Bills/193/H3831/SimilarBills
H3831,194:H2677,official_similar,verified-official-record,Similar Bills tab,https://malegislature.gov/Bills/193/H3831/SimilarBills
H386,194:S250,official_similar,verified-official-record,Similar Bills tab,https://malegislature.gov/Bills/193/H386/SimilarBills
H386,193:S184,official_similar,verified-official-record,Similar Bills tab,https://malegislature.gov/Bills/193/H386/SimilarBills
H386,194:H2233,official_similar,verified-official-record,Similar Bills tab,https://malegislature.gov/Bills/193/H386/SimilarBills
H386,194:H340,official_similar,verified-official-record,Similar Bills tab,https://malegislature.gov/Bills/193/H386/SimilarBills
H386,194:H789,official_similar,verified-official-record,Similar Bills tab,https://malegislature.gov/Bills/193/H386/SimilarBills
H3863,H4902,sent_to_study,verified-official-record,"Accompanied a study order, see H4902",https://malegislature.gov/Bills/193/H3863
H395,H4680,sent_to_study,verified-official-record,"Accompanied a study order, see H4680",https://malegislature.gov/Bills/193/H395
H395,190:H200,official_similar,verified-official-record,Similar Bills tab,https://malegislature.gov/Bills/193/H395/SimilarBills
H395,191:H349,official_similar,verified-official-record,Similar Bills tab,https://malegislature.gov/Bills/193/H395/SimilarBills
H395,192:H460,official_similar,verified-official-record,Similar Bills tab,https://malegislature.gov/Bills/193/H395/SimilarBills
H395,189:H274,official_similar,verified-official-record,Similar Bills tab,https://malegislature.gov/Bills/193/H395/SimilarBills
H395,194:H3126,official_similar,verified-official-record,Similar Bills tab,https://malegislature.gov/Bills/193/H395/SimilarBills
H4266,S844,redraft_of,verified-official-record,New draft of S844 and H1283,https://malegislature.gov/Bills/193/H4266
H4266,H1283,redraft_of,verified-official-record,New draft of S844 and H1283,https://malegislature.gov/Bills/193/H4266
H4266,190:H2230,official_similar,verified-official-record,Similar Bills tab,https://malegislature.gov/Bills/193/H4266/SimilarBills
H4266,191:H1237,official_similar,verified-official-record,Similar Bills tab,https://malegislature.gov/Bills/193/H4266/SimilarBills
H4266,192:H1353,official_similar,verified-official-record,Similar Bills tab,https://malegislature.gov/Bills/193/H4266/SimilarBills
H4266,193:H1283,official_similar,verified-official-record,Similar Bills tab,https://malegislature.gov/Bills/193/H4266/SimilarBills
H4266,191:H4420,official_similar,verified-official-record,Similar Bills tab,https://malegislature.gov/Bills/193/H4266/SimilarBills
H4421,H530,redraft_of,verified-official-record,New draft of H530,https://malegislature.gov/Bills/193/H4421
H4421,193:H530,official_similar,verified-official-record,Similar Bills tab,https://malegislature.gov/Bills/193/H4421/SimilarBills
H4421,194:H630,official_similar,verified-official-record,Similar Bills tab,https://malegislature.gov/Bills/193/H4421/SimilarBills
H4421,193:S343,official_similar,verified-official-record,Similar Bills tab,https://malegislature.gov/Bills/193/H4421/SimilarBills
H4421,194:S50,official_similar,verified-official-record,Similar Bills tab,https://malegislature.gov/Bills/193/H4421/SimilarBills
H4421,193:S2666,official_similar,verified-official-record,Similar Bills tab,https://malegislature.gov/Bills/193/H4421/SimilarBills
H530,H4421,superseded_by,verified-official-record,"Accompanied a new draft, see H4421",https://malegislature.gov/Bills/193/H530
H530,193:H4421,official_similar,verified-official-record,Similar Bills tab,https://malegislature.gov/Bills/193/H530/SimilarBills
H530,194:H630,official_similar,verified-official-record,Similar Bills tab,https://malegislature.gov/Bills/193/H530/SimilarBills
H530,193:S343,official_similar,verified-official-record,Similar Bills tab,https://malegislature.gov/Bills/193/H530/SimilarBills
H530,194:S50,official_similar,verified-official-record,Similar Bills tab,https://malegislature.gov/Bills/193/H530/SimilarBills
H530,193:S2666,official_similar,verified-official-record,Similar Bills tab,https://malegislature.gov/Bills/193/H530/SimilarBills
S1557,194:S1734,official_similar,verified-official-record,Similar Bills tab,https://malegislature.gov/Bills/193/S1557/SimilarBills
S1557,190:S1348,official_similar,verified-official-record,Similar Bills tab,https://malegislature.gov/Bills/193/S1557/SimilarBills
S1557,191:S1446,official_similar,verified-official-record,Similar Bills tab,https://malegislature.gov/Bills/193/S1557/SimilarBills
S1557,192:S1619,official_similar,verified-official-record,Similar Bills tab,https://malegislature.gov/Bills/193/S1557/SimilarBills
S1557,194:H3749,official_similar,verified-official-record,Similar Bills tab,https://malegislature.gov/Bills/193/S1557/SimilarBills
S184,194:S250,official_similar,verified-official-record,Similar Bills tab,https://malegislature.gov/Bills/193/S184/SimilarBills
S184,194:H461,official_similar,verified-official-record,Similar Bills tab,https://malegislature.gov/Bills/193/S184/SimilarBills
S184,193:H386,official_similar,verified-official-record,Similar Bills tab,https://malegislature.gov/Bills/193/S184/SimilarBills
S184,194:HD5406,official_similar,verified-official-record,Similar Bills tab,https://malegislature.gov/Bills/193/S184/SimilarBills
S184,192:S1495,official_similar,verified-official-record,Similar Bills tab,https://malegislature.gov/Bills/193/S184/SimilarBills
S198,S2539,superseded_by,verified-official-record,"Accompanied a new draft, see S2539",https://malegislature.gov/Bills/193/S198
S198,194:S265,official_similar,verified-official-record,Similar Bills tab,https://malegislature.gov/Bills/193/S198/SimilarBills
S198,191:S170,official_similar,verified-official-record,Similar Bills tab,https://malegislature.gov/Bills/193/S198/SimilarBills
S198,192:S225,official_similar,verified-official-record,Similar Bills tab,https://malegislature.gov/Bills/193/S198/SimilarBills
S198,190:S2504,official_similar,verified-official-record,Similar Bills tab,https://malegislature.gov/Bills/193/S198/SimilarBills
S198,194:H252,official_similar,verified-official-record,Similar Bills tab,https://malegislature.gov/Bills/193/S198/SimilarBills
S2666,S343,redraft_of,verified-official-record,New draft of S343,https://malegislature.gov/Bills/193/S2666
S2666,194:H630,official_similar,verified-official-record,Similar Bills tab,https://malegislature.gov/Bills/193/S2666/SimilarBills
S2666,193:S343,official_similar,verified-official-record,Similar Bills tab,https://malegislature.gov/Bills/193/S2666/SimilarBills
S2666,193:H530,official_similar,verified-official-record,Similar Bills tab,https://malegislature.gov/Bills/193/S2666/SimilarBills
S2666,194:S50,official_similar,verified-official-record,Similar Bills tab,https://malegislature.gov/Bills/193/S2666/SimilarBills
S2666,193:H4421,official_similar,verified-official-record,Similar Bills tab,https://malegislature.gov/Bills/193/S2666/SimilarBills
S27,H4578,sent_to_study,verified-official-record,"Accompanied a study order, see H4578",https://malegislature.gov/Bills/193/S27
S27,194:H1879,official_similar,verified-official-record,Similar Bills tab,https://malegislature.gov/Bills/193/S27/SimilarBills
S27,194:H3755,official_similar,verified-official-record,Similar Bills tab,https://malegislature.gov/Bills/193/S27/SimilarBills
S27,194:H1643,official_similar,verified-official-record,Similar Bills tab,https://malegislature.gov/Bills/193/S27/SimilarBills
S27,194:H3283,official_similar,verified-official-record,Similar Bills tab,https://malegislature.gov/Bills/193/S27/SimilarBills
S27,194:H633,official_similar,verified-official-record,Similar Bills tab,https://malegislature.gov/Bills/193/S27/SimilarBills
S343,S2666,superseded_by,verified-official-record,"Accompanied a new draft, see S2666",https://malegislature.gov/Bills/193/S343
S343,194:H630,official_similar,verified-official-record,Similar Bills tab,https://malegislature.gov/Bills/193/S343/SimilarBills
S343,193:S2666,official_similar,verified-official-record,Similar Bills tab,https://malegislature.gov/Bills/193/S343/SimilarBills
S343,193:H530,official_similar,verified-official-record,Similar Bills tab,https://malegislature.gov/Bills/193/S343/SimilarBills
S343,194:S50,official_similar,verified-official-record,Similar Bills tab,https://malegislature.gov/Bills/193/S343/SimilarBills
S343,193:H4421,official_similar,verified-official-record,Similar Bills tab,https://malegislature.gov/Bills/193/S343/SimilarBills
S844,H4266,superseded_by,verified-official-record,"Accompanied a new draft, see H4266",https://malegislature.gov/Bills/193/S844
S844,194:S947,official_similar,verified-official-record,Similar Bills tab,https://malegislature.gov/Bills/193/S844/SimilarBills
S844,192:H1356,official_similar,verified-official-record,Similar Bills tab,https://malegislature.gov/Bills/193/S844/SimilarBills
S844,194:H1451,official_similar,verified-official-record,Similar Bills tab,https://malegislature.gov/Bills/193/S844/SimilarBills
S844,194:H4653,official_similar,verified-official-record,Similar Bills tab,https://malegislature.gov/Bills/193/S844/SimilarBills
S844,194:H2843,official_similar,verified-official-record,Similar Bills tab,https://malegislature.gov/Bills/193/S844/SimilarBills
H1745,H4115,superseded_by,verified-official-record,"Accompanied a new draft, see H4115",https://malegislature.gov/Bills/193/H1745
H1745,193:H4115,official_similar,verified-official-record,Similar Bills tab,https://malegislature.gov/Bills/193/H1745/SimilarBills
H1745,193:H4241,official_similar,verified-official-record,Similar Bills tab,https://malegislature.gov/Bills/193/H1745/SimilarBills
H1745,193:H4744,official_similar,verified-official-record,Similar Bills tab,https://malegislature.gov/Bills/193/H1745/SimilarBills
H1745,193:S1012,official_similar,verified-official-record,Similar Bills tab,https://malegislature.gov/Bills/193/H1745/SimilarBills
H1745,189:H1567,official_similar,verified-official-record,Similar Bills tab,https://malegislature.gov/Bills/193/H1745/SimilarBills
S1012,H4115,superseded_by,verified-official-record,"Accompanied a new draft, see H4115",https://malegislature.gov/Bills/193/S1012
S1012,193:S1139,official_similar,verified-official-record,Similar Bills tab,https://malegislature.gov/Bills/193/S1012/SimilarBills
S1012,193:H1745,official_similar,verified-official-record,Similar Bills tab,https://malegislature.gov/Bills/193/S1012/SimilarBills
S1012,193:H4115,official_similar,verified-official-record,Similar Bills tab,https://malegislature.gov/Bills/193/S1012/SimilarBills
S1012,193:H4241,official_similar,verified-official-record,Similar Bills tab,https://malegislature.gov/Bills/193/S1012/SimilarBills
S1012,193:H4744,official_similar,verified-official-record,Similar Bills tab,https://malegislature.gov/Bills/193/S1012/SimilarBills
S1139,H4115,superseded_by,verified-official-record,"Accompanied a new draft, see H4115",https://malegislature.gov/Bills/193/S1139
S1139,193:H1745,official_similar,verified-official-record,Similar Bills tab,https://malegislature.gov/Bills/193/S1139/SimilarBills
S1139,193:S1012,official_similar,verified-official-record,Similar Bills tab,https://malegislature.gov/Bills/193/S1139/SimilarBills
S1139,193:H4115,official_similar,verified-official-record,Similar Bills tab,https://malegislature.gov/Bills/193/S1139/SimilarBills
S1139,193:H4241,official_similar,verified-official-record,Similar Bills tab,https://malegislature.gov/Bills/193/S1139/SimilarBills
S1139,193:H4744,official_similar,verified-official-record,Similar Bills tab,https://malegislature.gov/Bills/193/S1139/SimilarBills
H4115,S1012,redraft_of,verified-official-record,"New draft of S1012, S1077, S1097, S1139, H1542, H1547, H1745 and H3856",https://malegislature.gov/Bills/193/H4115
H4115,S1077,redraft_of,verified-official-record,"New draft of S1012, S1077, S1097, S1139, H1542, H1547, H1745 and H3856",https://malegislature.gov/Bills/193/H4115
H4115,S1097,redraft_of,verified-official-record,"New draft of S1012, S1077, S1097, S1139, H1542, H1547, H1745 and H3856",https://malegislature.gov/Bills/193/H4115
H4115,S1139,redraft_of,verified-official-record,"New draft of S1012, S1077, S1097, S1139, H1542, H1547, H1745 and H3856",https://malegislature.gov/Bills/193/H4115
H4115,H1542,redraft_of,verified-official-record,"New draft of S1012, S1077, S1097, S1139, H1542, H1547, H1745 and H3856",https://malegislature.gov/Bills/193/H4115
H4115,H1547,redraft_of,verified-official-record,"New draft of S1012, S1077, S1097, S1139, H1542, H1547, H1745 and H3856",https://malegislature.gov/Bills/193/H4115
H4115,H1745,redraft_of,verified-official-record,"New draft of S1012, S1077, S1097, S1139, H1542, H1547, H1745 and H3856",https://malegislature.gov/Bills/193/H4115
H4115,H3856,redraft_of,verified-official-record,"New draft of S1012, S1077, S1097, S1139, H1542, H1547, H1745 and H3856",https://malegislature.gov/Bills/193/H4115
H4115,193:H4241,official_similar,verified-official-record,Similar Bills tab,https://malegislature.gov/Bills/193/H4115/SimilarBills
H4115,193:H4744,official_similar,verified-official-record,Similar Bills tab,https://malegislature.gov/Bills/193/H4115/SimilarBills
H4115,193:H1745,official_similar,verified-official-record,Similar Bills tab,https://malegislature.gov/Bills/193/H4115/SimilarBills
H4115,189:H1567,official_similar,verified-official-record,Similar Bills tab,https://malegislature.gov/Bills/193/H4115/SimilarBills
H4115,190:H948,official_similar,verified-official-record,Similar Bills tab,https://malegislature.gov/Bills/193/H4115/SimilarBills
H4241,H4115,redraft_of,verified-official-record,New draft of H4115,https://malegislature.gov/Bills/193/H4241
H4241,193:H4115,official_similar,verified-official-record,Similar Bills tab,https://malegislature.gov/Bills/193/H4241/SimilarBills
H4241,193:H4744,official_similar,verified-official-record,Similar Bills tab,https://malegislature.gov/Bills/193/H4241/SimilarBills
H4241,193:H1745,official_similar,verified-official-record,Similar Bills tab,https://malegislature.gov/Bills/193/H4241/SimilarBills
H4241,189:H1567,official_similar,verified-official-record,Similar Bills tab,https://malegislature.gov/Bills/193/H4241/SimilarBills
H4241,190:H948,official_similar,verified-official-record,Similar Bills tab,https://malegislature.gov/Bills/193/H4241/SimilarBills
H4744,193:H4115,official_similar,verified-official-record,Similar Bills tab,https://malegislature.gov/Bills/193/H4744/SimilarBills
H4744,193:H4241,official_similar,verified-official-record,Similar Bills tab,https://malegislature.gov/Bills/193/H4744/SimilarBills
H4744,193:H1745,official_similar,verified-official-record,Similar Bills tab,https://malegislature.gov/Bills/193/H4744/SimilarBills
H4744,189:H1567,official_similar,verified-official-record,Similar Bills tab,https://malegislature.gov/Bills/193/H4744/SimilarBills
H4744,190:H948,official_similar,verified-official-record,Similar Bills tab,https://malegislature.gov/Bills/193/H4744/SimilarBills
H1283,H4266,text_near_identical,verified-text-comparison,normalized 8-gram Jaccard 0.849 between official texts,https://malegislature.gov/Bills/193/H1283
H1442,S1022,text_identical,verified-text-comparison,normalized 8-gram Jaccard 0.901 between official texts,https://malegislature.gov/Bills/193/H1442
H1455,S209,text_identical,verified-text-comparison,normalized 8-gram Jaccard 0.996 between official texts,https://malegislature.gov/Bills/193/H1455
H1653,S27,text_identical,verified-text-comparison,normalized 8-gram Jaccard 1.000 between official texts,https://malegislature.gov/Bills/193/H1653
H1707,S971,text_identical,verified-text-comparison,normalized 8-gram Jaccard 0.944 between official texts,https://malegislature.gov/Bills/193/H1707
H1728,H4359,text_near_identical,verified-text-comparison,normalized 8-gram Jaccard 0.839 between official texts,https://malegislature.gov/Bills/193/H1728
H1728,S927,text_identical,verified-text-comparison,normalized 8-gram Jaccard 0.988 between official texts,https://malegislature.gov/Bills/193/H1728
H3179,S218,text_near_identical,verified-text-comparison,normalized 8-gram Jaccard 0.747 between official texts,https://malegislature.gov/Bills/193/H3179
H357,S148,text_identical,verified-text-comparison,normalized 8-gram Jaccard 1.000 between official texts,https://malegislature.gov/Bills/193/H357
H377,S174,text_identical,verified-text-comparison,normalized 8-gram Jaccard 0.960 between official texts,https://malegislature.gov/Bills/193/H377
H386,S184,text_identical,verified-text-comparison,normalized 8-gram Jaccard 1.000 between official texts,https://malegislature.gov/Bills/193/H386
H4359,S927,text_near_identical,verified-text-comparison,normalized 8-gram Jaccard 0.839 between official texts,https://malegislature.gov/Bills/193/H4359
H4421,H530,text_identical,verified-text-comparison,normalized 8-gram Jaccard 0.946 between official texts,https://malegislature.gov/Bills/193/H4421
H4421,S2666,text_identical,verified-text-comparison,normalized 8-gram Jaccard 1.000 between official texts,https://malegislature.gov/Bills/193/H4421
H4421,S343,text_identical,verified-text-comparison,normalized 8-gram Jaccard 0.946 between official texts,https://malegislature.gov/Bills/193/H4421
H4632,S2770,text_identical,verified-text-comparison,normalized 8-gram Jaccard 0.999 between official texts,https://malegislature.gov/Bills/193/H4632
H530,S2666,text_identical,verified-text-comparison,normalized 8-gram Jaccard 0.946 between official texts,https://malegislature.gov/Bills/193/H530
H530,S343,text_identical,verified-text-comparison,normalized 8-gram Jaccard 1.000 between official texts,https://malegislature.gov/Bills/193/H530
H532,S280,text_identical,verified-text-comparison,normalized 8-gram Jaccard 1.000 between official texts,https://malegislature.gov/Bills/193/H532
H60,S227,text_identical,verified-text-comparison,normalized 8-gram Jaccard 1.000 between official texts,https://malegislature.gov/Bills/193/H60
H76,S30,text_identical,verified-text-comparison,normalized 8-gram Jaccard 0.977 between official texts,https://malegislature.gov/Bills/193/H76
H83,S25,text_near_identical,verified-text-comparison,normalized 8-gram Jaccard 0.584 between official texts,https://malegislature.gov/Bills/193/H83
S1012,S1139,text_identical,verified-text-comparison,normalized 8-gram Jaccard 0.997 between official texts,https://malegislature.gov/Bills/193/S1012
S2666,S343,text_identical,verified-text-comparison,normalized 8-gram Jaccard 0.946 between official texts,https://malegislature.gov/Bills/193/S2666
H4517,,study_order_terminal,verified-official-record,Discharged to the committee on House Rules; No further action taken,https://malegislature.gov/Bills/193/H4517
H4570,,study_order_terminal,verified-official-record,Discharged to the committee on House Rules; No further action taken,https://malegislature.gov/Bills/193/H4570
H4578,,study_order_terminal,verified-official-record,Discharged to the committee on House Rules; No further action taken,https://malegislature.gov/Bills/193/H4578
H4680,,study_order_terminal,verified-official-record,Order reported favorably by committee and referred to the committee on Joint Rules; Discharged to the committee on House Rules,https://malegislature.gov/Bills/193/H4680
H4712,,study_order_terminal,verified-official-record,Discharged to the committee on House Rules; No further action taken,https://malegislature.gov/Bills/193/H4712
H4714,,study_order_terminal,verified-official-record,Discharged to the committee on House Rules; No further action taken,https://malegislature.gov/Bills/193/H4714
H4902,,study_order_terminal,verified-official-record,Discharged to the committee on House Rules; No further action taken,https://malegislature.gov/Bills/193/H4902
S2612,,study_order_terminal,verified-official-record,Reported (in part) S2538; No further action taken,https://malegislature.gov/Bills/193/S2612
S2630,,study_order_terminal,verified-official-record,Discharged to the committee on Senate Rules; No further action taken,https://malegislature.gov/Bills/193/S2630
S2648,,study_order_terminal,verified-official-record,Discharged to the committee on Senate Rules; No further action taken,https://malegislature.gov/Bills/193/S2648
S2777,,study_order_terminal,verified-official-record,Discharged to the committee on Senate Rules; No further action taken,https://malegislature.gov/Bills/193/S2777
S2926,,study_order_terminal,verified-official-record,Discharged to the committee on Senate Rules; No further action taken,https://malegislature.gov/Bills/193/S2926
P-016,P-042,proposition_kinship,inferred-needs-review,Data broker registration: OCABR registry (MDPPA) vs AG registry with central opt-out (MIPSA),memo/atomization/family-comprehensive-mdppa.md; memo/atomization/family-mipsa-internet.md
P-042,P-065,proposition_kinship,inferred-needs-review,Data-seller registration: AG privacy registry (MIPSA) vs DOR tax-base registration (S1896),memo/atomization/family-mipsa-internet.md
P-001,P-031,proposition_kinship,inferred-needs-review,Data minimization: MDPPA duty-of-loyalty purposes vs GDPR-style principles (MIPSA/H1555),memo/atomization/family-comprehensive-mdppa.md; memo/atomization/family-mipsa-internet.md
P-004,P-035,proposition_kinship,inferred-needs-review,Sensitive data: strict-necessity bar (MDPPA) vs consent-gate/prohibition (MIPSA/H1555),memo/atomization/family-comprehensive-mdppa.md; memo/atomization/family-mipsa-internet.md
P-271,P-275,proposition_kinship,inferred-needs-review,Access right: MDPPA access (bundle section) vs GDPR-style access article,memo/atomization/family-comprehensive-mdppa.md; memo/atomization/family-mipsa-internet.md
P-273,P-037,proposition_kinship,inferred-needs-review,Deletion right: MDPPA delete vs GDPR-style erasure,memo/atomization/family-comprehensive-mdppa.md; memo/atomization/family-mipsa-internet.md
P-272,P-038,proposition_kinship,inferred-needs-review,Correction right: MDPPA correct vs GDPR-style rectification,memo/atomization/family-comprehensive-mdppa.md; memo/atomization/family-mipsa-internet.md
P-274,P-276,proposition_kinship,inferred-needs-review,Export/portability right: MDPPA export vs GDPR-style portability,memo/atomization/family-comprehensive-mdppa.md; memo/atomization/family-mipsa-internet.md
P-012,P-034,proposition_kinship,inferred-needs-review,Opt-out of transfers/targeted ads: MDPPA vs MIPSA sale/ads opt-out with universal signal,memo/atomization/family-comprehensive-mdppa.md; memo/atomization/family-mipsa-internet.md
P-012,P-053,proposition_kinship,inferred-needs-review,Opt-out vs GDPR objection right for direct marketing (H1555),memo/atomization/family-mipsa-internet.md
P-014,P-019,proposition_kinship,inferred-needs-review,Universal opt-out signals (redraft) vs OCABR centralized opt-out mechanism (filed),memo/atomization/family-comprehensive-mdppa.md
P-009,P-040,proposition_kinship,inferred-needs-review,Anti-retaliation/nondiscrimination for exercising rights: MDPPA vs MIPSA,memo/atomization/family-comprehensive-mdppa.md; memo/atomization/family-mipsa-internet.md
P-017,P-044,proposition_kinship,inferred-needs-review,Civil-rights processing ban: MDPPA vs MIPSA,memo/atomization/family-comprehensive-mdppa.md; memo/atomization/family-mipsa-internet.md
P-018,P-043,proposition_kinship,inferred-needs-review,Algorithmic/risk assessments: MDPPA impact assessments vs MIPSA/H1555 risk assessments-DPIA,memo/atomization/family-comprehensive-mdppa.md; memo/atomization/family-mipsa-internet.md
P-022,P-041,proposition_kinship,inferred-needs-review,Processor/service-provider contract duties: MDPPA vs GDPR-style,memo/atomization/family-comprehensive-mdppa.md; memo/atomization/family-mipsa-internet.md
P-023,P-063,proposition_kinship,inferred-needs-review,General private right of action: MDPPA vs H1555 damages remedy,memo/atomization/family-comprehensive-mdppa.md; memo/atomization/family-mipsa-internet.md
P-024,P-045,proposition_kinship,inferred-needs-review,AG enforcement architecture: MDPPA 93A penalties vs MIPSA exclusive AG with cure,memo/atomization/family-comprehensive-mdppa.md; memo/atomization/family-mipsa-internet.md
P-024,P-062,proposition_kinship,inferred-needs-review,AG enforcement: MDPPA vs H1555 GDPR-scale administrative fines,memo/atomization/family-comprehensive-mdppa.md; memo/atomization/family-mipsa-internet.md
P-046,P-130,proposition_kinship,inferred-needs-review,"Breach-limited PRA (MIPSA) vs location-chapter PRA (H357/S148): parallel architecture, different scopes",memo/atomization/family-mipsa-internet.md; memo/atomization/family-location.md
P-026,P-128,proposition_kinship,inferred-needs-review,Legal-request transparency reports: MDPPA bi-monthly vs location-chapter annual AG reports,memo/atomization/family-comprehensive-mdppa.md; memo/atomization/family-location.md
P-087,P-128,proposition_kinship,inferred-needs-review,Warrant transparency reports: biometric chapter vs location chapter (parallel drafting),memo/atomization/family-biometric-breach.md; memo/atomization/family-location.md
P-125,P-131,proposition_kinship,inferred-needs-review,Warrant gate over location/electronic data: duty on private holders (shield) vs bar on government acquisition (H1653/S27),memo/atomization/family-location.md
P-128,P-134,proposition_kinship,inferred-needs-review,Warrant reporting: covered entities to AG vs courts to legislature,memo/atomization/family-location.md
P-139,P-125,proposition_kinship,inferred-needs-review,Tension: compelled emergency carrier disclosure (H1519) vs warrant gate on the same holder class (shield bills),memo/atomization/family-location.md
P-058,P-097,proposition_kinship,inferred-needs-review,Breach notification: H1555 72-hour GDPR mechanism vs c.93H notice modernization,memo/atomization/family-mipsa-internet.md; memo/atomization/family-biometric-breach.md
P-057,P-085,proposition_kinship,inferred-needs-review,Security standards: H1555 general measures vs biometric-specific standard,memo/atomization/family-mipsa-internet.md; memo/atomization/family-biometric-breach.md
P-091,P-081,proposition_kinship,inferred-needs-review,Biometric protection: 93H breach-law element vs standalone consent regime (different mechanism),memo/atomization/family-biometric-breach.md
P-068,P-072,proposition_kinship,inferred-needs-review,ISP opt-in consent: private franchised ISPs (S218/H3179) vs public ISP (H3831),memo/atomization/family-mipsa-internet.md
P-076,P-131,proposition_kinship,inferred-needs-review,Warrant for user data: public-ISP rule vs general stored-records regime,memo/atomization/family-mipsa-internet.md; memo/atomization/family-location.md
P-183,P-171,proposition_kinship,inferred-needs-review,Biometric analysis of drone data (S1557) vs LE biometric surveillance ban (FR bills); S1557 cross-references c.6 s.220,memo/atomization/family-facial-recognition.md
P-213,P-196,proposition_kinship,inferred-needs-review,ALPR restrictions: c.90K summary regime (H3404) vs comprehensive c.90J regime (H3431),memo/atomization/family-driver-commercial.md; memo/atomization/family-facial-recognition.md
P-211,P-194,proposition_kinship,inferred-needs-review,120-day retention/destruction: tolling data (H3434/H3404) vs ALPR data at EOPSS (H3431),memo/atomization/family-driver-commercial.md; memo/atomization/family-facial-recognition.md
P-141,P-162,proposition_kinship,inferred-needs-review,Targeted ads to minors: edtech school-data ban vs product-category ban on minor-directed services,memo/atomization/family-student-education.md
P-015,P-162,proposition_kinship,inferred-needs-review,Minors and targeted advertising: comprehensive-bill ban vs H80 product-category ban,memo/atomization/family-comprehensive-mdppa.md; memo/atomization/family-student-education.md
P-226,P-067,proposition_kinship,inferred-needs-review,Doxing: general civil action (H1707/S971) vs police-officer criminal posting ban (H1428),memo/atomization/family-driver-commercial.md; memo/atomization/family-mipsa-internet.md
P-226,P-266,proposition_kinship,inferred-needs-review,Interpersonal disclosure restrictions: doxing civil action vs NDII criminal offense (boundary-revision pairing),memo/atomization/family-driver-commercial.md; data/link_targets.json
P-238,P-211,proposition_kinship,inferred-needs-review,"Retention limits: ad-network 24-month vs tolling 120-day (same mechanism family, different targets)",memo/atomization/family-driver-commercial.md
P-246,P-124,proposition_kinship,inferred-needs-review,Sale bans: consumer health data vs location information,memo/atomization/family-health-govrecords.md; memo/atomization/family-location.md
P-035,P-242,proposition_kinship,inferred-needs-review,Sensitive-data opt-in: comprehensive-bill gates vs consumer-health-data chapter,memo/atomization/family-mipsa-internet.md; memo/atomization/family-health-govrecords.md
P-234,P-006,proposition_kinship,inferred-needs-review,Sensitive data in advertising: ad-network opt-in (H395) vs MDPPA flat ban,memo/atomization/family-driver-commercial.md; memo/atomization/family-comprehensive-mdppa.md
